deal_id,pool_cusip,pool_type,issuer_name,loan_id,case_number,period,loan_rate,upb,loan_term,num_units,origination_date,loan_maturity_date,lockout_end_date,prepay_end_date,prepay_premium_period_yrs,lockout_term_yrs,fha_program_code,affordable_status,modified_ind,non_level_ind,mature_loan_flag,property_state,property_city,property_name,loan_age_months,vintage_year,sato_bps,in_lockout,in_prepay_penalty,past_all_restrictions,prepay_penalty_points,plc_rate_bps,refi_incentive_bps,fha_category,loan_purpose
GNR_2024_NEW,3618M3XD2,PN,"VIUM CAPITAL MORTGAGE, LLC.",3618M3XD2_000000006422141,000000006422141,202603,5.69,24499231.76,420,63,20251201,20610101,,20360201,10,0,232/223(F),,,,,LA,Port Allen,LEGACY NURSING AND REHABILITAT,3.0,2025.0,-13.0,0,1,0,10.0,490.5,-59.0,232,RP
GNR_2024_NEW,3618K96G4,PN,GREYSTONE FUNDING COMPANY LLC,3618K96G4_000000011622044,000000011622044,202603,5.89,12467559.02,420,32,20250401,20600501,,20350601,10,0,232/223(F),,,,,NM,Lovington,Lovington Healthcare,11.0,2025.0,7.0,0,1,0,10.0,490.5,-39.0,232,RP
GNR_2024_NEW,3618FH2S0,PN,NEWPOINT REAL ESTATE CAPITAL LLC,3618FH2S0_000000001711297,000000001711297,202603,5.98,3566192.33,420,25,20240221,20590301,,20340401,10,0,207/223(F),MKT,,,,CT,Simsbury,SIMSBURY CENTER APARTMENTS,25.0,2024.0,20.0,0,1,0,9.0,490.5,-17.5,223f,RP
GNR_2024_NEW,3617XHQ56,PN,"COLUMBIANATIONAL REAL ESTATE FINANCE, LL",3617XHQ56_000000003411314,000000003411314,202603,5.73,4785391.56,420,42,20250501,20600601,,20350701,10,0,207/223(F),,,,,PA,Shippensburg,SHIPPENSBURG COMMONS APARTMENT,10.0,2025.0,-9.0,0,1,0,10.0,490.5,-55.0,223f,RP
GNR_2024_NEW,3618L6QB8,PN,KEYBANK NATIONAL ASSOCIATION,3618L6QB8_000000005322284,000000005322284,202603,5.4,21113918.59,420,40,20250901,20601001,,20351031,10,0,232/223(F),,,,,NC,Wallace,Wallace Rehabilitation and Hea,6.0,2025.0,-42.0,0,1,0,10.0,490.5,-88.0,232,RP
GNR_2024_NEW,3618HGKV3,PN,"WELLS FARGO BANK, N.A.",3618HGKV3_000000010111361,000000010111361,202603,5.92,20435174.48,420,120,20250701,20600801,20250901,20350901,10,1,207/223(f),,,,,CO,Denver,SOLERA APARTMENTS,8.0,2025.0,10.0,0,1,0,10.0,490.5,-36.0,223f,RP
GNR_2024_NEW,3618GTXQ3,PN,"BERKADIA COMMERCIAL MORTGAGE, LLC",3618GTXQ3_000000006311195,000000006311195,202603,5.07,21410852.67,420,124,20240625,20590901,,20341001,10,0,207/223(F),MKT,,,,FL,Callaway,BRIDGE HARBOR TOWN HOMES,21.0,2024.0,-71.0,0,1,0,10.0,490.5,-121.0,223f,RP
GNR_2024_NEW,3618JS5S9,PN,"BERKADIA COMMERCIAL MORTGAGE, LLC",3618JS5S9_000000005422124,000000005422124,202603,5.88,6297447.15,360,60,20250115,20550401,,20350501,10,0,232/223(f),,,,,SC,Bennettsville,BENNETTSVILLE HEALTH AND REHAB,14.0,2025.0,6.0,0,1,0,0.0,490.5,85.0,232,RP
GNR_2024_NEW,3618AVAN6,PN,GREYSTONE FUNDING COMPANY LLC,3618AVAN6_000000001211578,000000001211578,202603,5.42,62488943.54,420,251,20230228,20580301,,20330401,10,0,207/223(F),BAF,,,,NY,New York,ST. MARGARET'S HOUSE,37.0,2023.0,-16.5,0,1,0,8.0,490.5,-61.0,223f,RP
GNR_2024_NEW,3618G0RF7,PN,"VIUM CAPITAL MORTGAGE, LLC.",3618G0RF7_000000011422143,000000011422143,202603,6.69,15740254.08,420,62,20240501,20590601,,20340701,10,0,232/223(F),MKT,,,,TX,Houston,CYPRESS POINTE HEALTH AND WELL,22.0,2024.0,91.0,0,1,0,10.0,490.5,41.0,232,RP
GNR_2024_NEW,3618HNBE6,PN,"LUMENT REAL ESTATE CAPITAL,LLC",3618HNBE6_000000012122264,000000012122264,202603,5.85,10076795.56,420,44,20250301,20600401,,20350501,10,0,232/223(F),,,,,CA,Sunnyvale,CRESCENT OAKS MEMORY CARE,12.0,2025.0,3.0,0,1,0,10.0,490.5,-43.0,232,RP
GNR_2024_NEW,3618H6UH5,PN,"VIUM CAPITAL MORTGAGE, LLC.",3618H6UH5_000000007322340,000000007322340,202603,5.9,9849441.74,420,44,20240724,20590801,,20340901,10,0,232/223(F),MKT,,,,IN,Frankfort,CLINTON HOUSE REHABILITATION A,20.0,2024.0,12.0,0,1,0,9.0,490.5,-25.5,232,RP
GNR_2024_NEW,3618BCU88,PN,BELLWETHER ENTERPRISE REAL ESTATE CAPITA,3618BCU88_000000005135861,000000005135861,202603,5.25,13809145.11,480,120,20230601,20641001,,20341031,10,0,221(D)(4),BAF,,,,VA,Chesapeake,MILL CREEK APATMENTS,33.0,2023.0,-33.5,0,1,0,10.0,490.5,-103.0,221d4,NC
GNR_2024_NEW,3618HXGV1,PN,"WALKER & DUNLOP, LLC",3618HXGV1_000000002311760,000000002311760,202603,5.38,14025078.34,420,64,20250529,20600601,,20350701,10,0,207/223(F),,,P,,MA,Framingham,SAXONVILLE VILLAGE,10.0,2025.0,-44.0,0,1,0,10.0,490.5,-90.0,223f,RP
GNR_2024_NEW,3618JBFJ5,PN,GREYSTONE FUNDING COMPANY LLC,3618JBFJ5_000000005111548,000000005111548,202603,5.61,48002322.29,420,312,20250101,20600201,,20350301,10,0,207/223(F),,,,,VA,Suffolk,HALLSTEAD RESERVE,14.0,2025.0,-21.0,0,1,0,9.0,490.5,-54.5,223f,RP
GNR_2024_NEW,3617YPGE9,PN,"JLL REAL ESTATE CAPITAL, LLC",3617YPGE9_000000004611207,000000004611207,202603,5.7,10724476.31,420,149,20230721,20580801,,20330901,10,0,207/223(F),BAF,,,,OH,Cincinnati,BOOTH RESIDENCE,32.0,2023.0,11.5,0,1,0,10.0,490.5,-58.0,223f,RP
GNR_2024_NEW,3618JBEW7,PN,GREYSTONE FUNDING COMPANY LLC,3618JBEW7_000000006122231,000000006122231,202603,5.46,32331260.78,300,338,20240901,20491001,20341101,,0,10,242/223(f),,,,,AL,Anniston,HEALTH CARE AUTHORITY OF THE C,18.0,2024.0,-32.0,1,0,0,0.0,490.5,43.0,223f,RP
GNR_2024_NEW,3617FTC63,PN,"LUMENT REAL ESTATE CAPITAL,LLC",3617FTC63_000000002311705,000000002311705,202603,5.05,10068907.33,420,59,20230201,20580301,,20330401,10,0,207/223(F),BAF,,,,MA,East Boston,LANDFALL WEST APARTMENTS,37.0,2023.0,-53.5,0,1,0,8.0,490.5,-98.0,223f,RP
GNR_2024_NEW,3618LKKV9,PN,"BERKADIA COMMERCIAL MORTGAGE, LLC",3618LKKV9_000000017122060,000000017122060,202603,5.87,26770474.46,396,208,20250722,20581001,,20351101,10,0,232/223(F),,,,,WA,Spokane,MAPLEWOOD GARDENS ASSISTED LIV,8.0,2025.0,5.0,0,1,0,0.0,490.5,84.0,232,RP
GNR_2024_NEW,3618KU4M6,PN,DWIGHT CAPITAL LLC,3618KU4M6_000000012111340,000000012111340,202603,4.54,18355141.58,420,79,20250722,20600801,,20350901,10,0,207/223(F),,,,,CA,Modesto,PACIFIC CREST APARTMENTS,8.0,2025.0,-128.0,0,1,0,0.0,490.5,-49.0,223f,RP
GNR_2024_NEW,3618G8D57,PN,GREYSTONE FUNDING COMPANY LLC,3618G8D57_000000005211349,000000005211349,202603,5.97,11740374.99,420,104,20240101,20590201,,20340301,10,0,207/223(F),MKT,,,,MD,Salisbury,TIDE MILL APARTMENTS,26.0,2024.0,19.0,0,1,0,8.0,490.5,-6.0,223f,RP
GNR_2024_NEW,3618B24L0,PN,"BERKADIA COMMERCIAL MORTGAGE, LLC",3618B24L0_000000006622155,000000006622155,202603,5.97,9338255.81,420,62,20240729,20590801,,20340901,10,0,232/223(F),MKT,,,,FL,Port St. Lucie,PALM GARDEN OF POST ST. LUCIE,20.0,2024.0,19.0,0,1,0,10.0,490.5,-31.0,232,RP
GNR_2024_NEW,3617FTER5,PN,KEYBANK NATIONAL ASSOCIATION,3617FTER5_000000007322353,000000007322353,202603,5.49,13529927.85,420,51,20230501,20580601,,20330630,10,0,232/223(F),MKT,,,,IN,Mooresville,THE SPRINGS OF MOORESVILLE,34.0,2023.0,-9.5,0,1,0,8.0,490.5,-54.0,232,RP
GNR_2024_NEW,3618KU4F1,PN,DWIGHT CAPITAL LLC,3618KU4F1_000000008322130,000000008322130,202603,6.28,13040677.97,420,117,20250501,20600601,,20350701,10,0,232/223(F),,,,,KY,Lexington,FRIENDSHIP TOWERS,10.0,2025.0,46.0,0,1,0,0.0,490.5,125.0,232,RP
GNR_2024_NEW,3617FTDU9,PN,"LUMENT REAL ESTATE CAPITAL,LLC",3617FTDU9_000000012911131,000000012911131,202603,4.8,18335699.19,420,172,20230401,20580501,,20330601,10,0,207/223(F),MKT,,,,CA,San Diego,ROYAL VILLAGE APARTMENTS,35.0,2023.0,-78.5,0,1,0,8.0,490.5,-123.0,223f,RP
GNR_2024_NEW,3618JUCH0,PN,MERCHANTS CAPITAL CORP.,3618JUCH0_000000005422114,000000005422114,202603,5.23,20808290.61,420,68,20241001,20591101,,20341201,10,0,232/223(F),MKT,,,,SC,Pickens,MANNA POST ACUTE,17.0,2024.0,-55.0,0,1,0,9.0,490.5,-92.5,232,RP
GNR_2024_NEW,3618BP4H8,PN,"VIUM CAPITAL MORTGAGE, LLC.",3618BP4H8_000000007322354,000000007322354,202603,5.62,9949068.12,420,76,20230801,20580901,,20331001,10,0,232/223(F),MKT,,,,IN,Kendallville,ORDCHARD POINTE HEALTH CAMPUS,31.0,2023.0,3.5,0,1,0,8.0,490.5,-41.0,232,RP
GNR_2024_NEW,3618ACYR3,PN,"ARBOR AGENCY LENDING, LLC",3618ACYR3_000000005411276,000000005411276,202603,5.5,22135628.72,421,160,20251001,20601101,,20351201,10,0,207/223(F),,,,,SC,North Charleston,ALSTON ARMS,5.0,2025.0,-32.0,0,1,0,10.0,490.5,-78.0,223f,RP
GNR_2024_NEW,3618ASNZ2,PN,"ROSE COMMUNITY CAPITAL, LLC",3618ASNZ2_000000012235767,000000012235767,202603,5.89,6768706.68,494,40,20240401,20650601,20250701,20350701,10,1,221(d)(4),BAF,,,,CA,Los Angeles,Watts Arms II Apartments,23.0,2024.0,11.0,0,1,0,10.0,490.5,-39.0,221d4,NC
GNR_2024_NEW,3618A2B41,PN,FIRST AMERICAN CAPITAL GROUP CORPORATION,3618A2B41_000000008122066,000000008122066,202603,6.09,16753678.05,419,128,20250114,20600701,,20350801,10,0,232/223(f),,,,,TN,Nashville,TREVECCA CENTER FOR REHABILITA,14.0,2025.0,27.0,0,1,0,10.0,490.5,-19.0,232,RP
GNR_2024_NEW,3618JCGR4,PN,"CENTENNIAL MORTGAGE, INC",3618JCGR4_000000004211452,000000004211452,202603,5.64,5768690.88,420,79,20250403,20600601,,20350701,10,0,207/223(F),,,,,OH,Strasburg,FRANKLIN TERRACE,11.0,2025.0,-18.0,0,1,0,10.0,490.5,-64.0,223f,RP
GNR_2024_NEW,3618B24K2,PN,REGIONS BANK,3618B24K2_000000006322127,000000006322127,202603,6.34,7344488.87,396,53,20240515,20570601,,20340701,10,0,232/223(F),MKT,,,,FL,Ormond Beach,AVANTE AT ORMOND BEACH,22.0,2024.0,56.0,0,1,0,10.0,490.5,6.0,232,RP
GNR_2024_NEW,3618H6UY8,PN,"VIUM CAPITAL MORTGAGE, LLC.",3618H6UY8_000000004222444,000000004222444,202603,5.95,10578550.22,420,116,20250201,20600301,,20350401,10,0,232/223(F),,,,,OH,Ashland,THE INN AT ASHLAND WOODS,13.0,2025.0,13.0,0,1,0,10.0,490.5,-33.0,232,RP
GNR_2024_NEW,3618V5GR5,PN,MERCHANTS CAPITAL CORP.,3618V5GR5_000000008611148,000000008611148,202603,5.48,1420076.69,420,50,20260101,20610201,,20360301,10,0,207/223(F),,,,,TN,Sparta,KNOLLCREST MANOR,2.0,2026.0,7.0,0,1,0,10.0,490.5,-80.0,223f,RP
GNR_2024_NEW,3618KU4Q7,PN,DWIGHT CAPITAL LLC,3618KU4Q7_000000011411636,000000011411636,202603,4.78,58721596.89,420,423,20250801,20600901,,20351001,10,0,207/223(F),,,,,TX,Houston,ALDEN PARK KINGSLAND,7.0,2025.0,-104.0,0,1,0,0.0,490.5,-25.0,223f,RP
GNR_2024_NEW,3618B2CJ6,PN,NEWPOINT REAL ESTATE CAPITAL LLC,3618B2CJ6_000000008322110,000000008322110,202603,5.29,5723628.45,420,28,20230518,20580601,,20330630,10,0,232/223(F),MKT,,,,KY,South Shore,SOUTH SHORE NURSING AND REHABI,34.0,2023.0,-29.5,0,1,0,8.0,490.5,-74.0,232,RP
GNR_2024_NEW,3618K2J91,PN,"HARPER CAPITAL PARTNERS, LLC",3618K2J91_000000009211554,000000009211554,202603,5.46,5312206.23,420,54,20250301,20600401,,20350430,10,0,207/223(F),,,,,MN,Luverne,PRAIRIE LOFTS,12.0,2025.0,-36.0,0,1,0,0.0,490.5,43.0,223f,RP
GNR_2024_NEW,3618JLKX6,PN,"VIUM CAPITAL MORTGAGE, LLC.",3618JLKX6_000000008222093,000000008222093,202603,5.63,14953260.51,420,62,20241201,20600101,,20350201,10,0,232/223(F),,,,,AR,Little Rock,COTTAGE LANE HEALTH AND REHABI,15.0,2024.0,-15.0,0,1,0,9.0,490.5,-52.5,232,RP
GNR_2024_NEW,3618B2CD9,PN,NEWPOINT REAL ESTATE CAPITAL LLC,3618B2CD9_000000011335946,000000011335946,202603,5.6,36396488.33,502,225,20230719,20650601,,20350701,10,0,221(D)(4),MKT,,,,TX,Seagoville,MALLOY BRIDGE APARTMENTS,32.0,2023.0,1.5,0,1,0,10.0,490.5,-68.0,221d4,NC
GNR_2024_NEW,3618L6PW3,PN,KEYBANK NATIONAL ASSOCIATION,3618L6PW3_000000005122235,000000005122235,202603,6.09,26153808.05,420,62,20250501,20600601,,20350630,10,0,232/223(F),,,,,VA,Bassett,STANLEYTOWN HEALTH AND REHABIL,10.0,2025.0,27.0,0,1,0,10.0,490.5,-19.0,232,RP
GNR_2024_NEW,3618V47L1,PN,"PGIM REAL ESTATE AGENCY FINANCING, LLC.",3618V47L1_000000012411068,000000012411068,202603,5.38,18922188.41,420,144,20251101,20601201,,20351231,10,0,207/223(F),,,,,ID,Caldwell,STONE CREEK APARTMENTS,4.0,2025.0,-44.0,0,1,0,0.0,490.5,35.0,223f,RP
GNR_2024_NEW,3618G0RD2,PN,"VIUM CAPITAL MORTGAGE, LLC.",3618G0RD2_000000007322362,000000007322362,202603,5.75,8700263.69,420,42,20240301,20590401,,20340501,10,0,232/223(F),MKT,,,,IN,French Lick,SPRINGS VALLEY MEADOWS,24.0,2024.0,-3.0,0,1,0,9.0,490.5,-40.5,232,RP
GNR_2024_NEW,3618LWEN8,PN,MERCHANTS CAPITAL CORP.,3618LWEN8_000000006122244,000000006122244,202603,5.65,28255084.35,420,97,20251101,20601201,,20360101,10,0,232/223(F),,,,,GA,"Fayetteville,",FAYETTEVILLE CENTER FOR NURSIN,4.0,2025.0,-17.0,0,1,0,10.0,490.5,-63.0,232,RP
GNR_2024_NEW,3618KSUE0,PN,"WALKER & DUNLOP, LLC",3618KSUE0_000000007122565,000000007122565,202603,6.75,12704489.56,420,66,20250827,20600901,,20351001,10,0,232/223(F),,,,,IL,Streator,ARC AT STREATOR,7.0,2025.0,93.0,0,1,0,10.0,490.5,47.0,232,RP
GNR_2024_NEW,3618LKK31,PN,"BERKADIA COMMERCIAL MORTGAGE, LLC",3618LKK31_000000001722222,000000001722222,202603,5.75,9663509.81,396,45,20250904,20590101,,20360201,10,0,232/223(F),,,,,CT,Rocky Hill,60 WEST,6.0,2025.0,-7.0,0,1,0,0.0,490.5,72.0,232,RP
GNR_2024_NEW,3618V2JP3,PN,GREYSTONE FUNDING COMPANY LLC,3618V2JP3_000000007522309,000000007522309,202603,5.63,8699921.0,420,44,20251201,20610101,,20360201,10,0,232/223(F),,,,,WI,Oconto Falls,MEADOWBROOK AT OCONTO FALLS,3.0,2025.0,-19.0,0,1,0,10.0,490.5,-65.0,232,RP
GNR_2024_NEW,3618KLNY9,PN,"LUMENT REAL ESTATE CAPITAL,LLC",3618KLNY9_000000011511448,000000011511448,202603,4.44,59622500.0,420,358,20260313,20610401,,20360501,10,0,207/223(F),,,,,TX,Austin,CASCADES AT ONION CREEK,0.0,2026.0,-97.0,0,1,0,10.0,490.5,-184.0,223f,RP
GNR_2024_NEW,3618G0RE0,PN,"VIUM CAPITAL MORTGAGE, LLC.",3618G0RE0_000000004322176,000000004322176,202603,5.75,15649279.89,420,92,20240301,20590401,,20340501,10,0,232/223(F),MKT,,,,OH,Sunbury,THE INN AT WALNUT TRAIL,24.0,2024.0,-3.0,0,1,0,9.0,490.5,-40.5,232,RP
GNR_2024_NEW,3618JBE64,PN,GREYSTONE FUNDING COMPANY LLC,3618JBE64_000000005111547,000000005111547,202603,5.5,8189153.05,420,40,20241101,20591201,,20350101,10,0,207/223(F),,,,,VA,Richmond,RIVER SCHOOL LOFTS,16.0,2024.0,-28.0,0,1,0,10.0,490.5,-78.0,223f,RP
GNR_2024_NEW,3618H6UR3,PN,"VIUM CAPITAL MORTGAGE, LLC.",3618H6UR3_000000007322367,000000007322367,202603,5.45,11774815.48,420,95,20240801,20590901,,20341001,10,0,232/223(F),MKT,,,,IN,Fort Wayne,CANTERBURY NURSING AND REHABIL,19.0,2024.0,-33.0,0,1,0,9.0,490.5,-70.5,232,RP
GNR_2014_SEASONED,36192SA34,PN,"WALKER & DUNLOP, LLC",36192SA34_000000008235471,000000008235471,202603,3.8,2404834.66,496,49,20160125,20570701,,20270801,10,0,221(D)(4),MKT,,,,AR,Jonesboro,WALKER COURTS NORTH,122.0,2016.0,35.0,0,1,0,2.0,490.5,-148.0,221d4,NC
GNR_2014_SEASONED,36183CJM9,PN,MERCHANTS CAPITAL CORP.,36183CJM9_000000007311806,000000007311806,202603,3.35,718423.12,420,48,20150101,20500201,,20250301,10,0,207/223(f),MKT,,,,IN,Indianapolis,GLEN HOWARD MANOR,134.0,2015.0,-20.0,0,0,1,0.0,490.5,-168.0,223f,RP
GNR_2014_SEASONED,36186QE81,PN,"BERKADIA COMMERCIAL MORTGAGE, LLC",36186QE81_000000011535728,000000011535728,202603,3.25,31526270.0,462,292,20150623,20570901,,20280401,10,0,221(d)(4),MKT,,,,TX,San Antonio,THE CLIFFS AT CROWN RIDGE,129.0,2015.0,-30.0,0,1,0,4.0,490.5,-228.0,221d4,NC
GNR_2014_SEASONED,36184ATH2,PN,"PGIM REAL ESTATE AGENCY FINANCING, LLC.",36184ATH2_000000003411201,000000003411201,202603,3.34,6737220.93,420,141,20141230,20500101,,20250201,10,0,207/223F,MKT,,,,PA,Lewistown,KISH APTS.,135.0,2014.0,-51.0,0,0,1,0.0,490.5,-169.0,223f,RP
GNR_2014_SEASONED,36181GW54,PN,"WELLS FARGO BANK, N.A.",36181GW54_000000000035514,000000000035514,202603,3.85,7293881.38,444,159,20130901,20501001,,20231101,10,0,221d4223a7,MKT,,,,MD,Temple Hills,PARKWAY APTS,150.0,2013.0,47.0,0,0,1,0.0,490.5,-118.0,221d4,RP
GNR_2014_SEASONED,36183YAC2,PN,MERCHANTS CAPITAL CORP.,36183YAC2_000000012635312,000000012635312,202603,2.5,24924211.01,480,236,20150601,20570201,,20270401,8,0,221(D)(4),MKT,,,,OR,Beaverton,SUNSET VIEW,129.0,2015.0,-105.0,0,1,0,1.08,490.5,-266.54,221d4,NC
GNR_2014_SEASONED,36180KXA4,PN,"GRANDBRIDGE REAL ESTATE CAPITAL, LLC",36180KXA4_000000006211190,000000006211190,202603,4.2,1894382.24,420,53,20140301,20490401,20160501,20240501,8,2,223(f),MKT,,,,AL,Cullman,NESMITH PARK APARTMENTS,144.0,2014.0,35.0,0,0,1,0.0,490.5,-83.0,223f,RP
GNR_2014_SEASONED,36178VQP9,PN,"HIGHLAND COMMERCIAL MORTGAGE, LLC.",36178VQP9_000000006211194,000000006211194,202603,4.0,1883919.46,420,160,20140430,20490501,,20240501,10,0,223(F),MKT,,,,AL,Mobile,TYLER RIDGE APARTMENTS,143.0,2014.0,15.0,0,0,1,0.0,490.5,-103.0,223f,RP
GNR_2014_SEASONED,36180WDK8,PN,"WALKER & DUNLOP, LLC",36180WDK8_000000011735244,000000011735244,202603,4.0,416741.55,240,75,20130619,20330701,,20230731,10,0,221d4223a7,MKT,,,,OK,Elk City,SOUTHGATE VILLAGE APT,153.0,2013.0,62.0,0,0,1,0.0,490.5,-103.0,221d4,RP
GNR_2014_SEASONED,3617Q5VT2,LM,"LUMENT REAL ESTATE CAPITAL,LLC",3617Q5VT2_000000010211079,000000010211079,202603,3.13,3116180.43,420,105,20141021,20491101,,20300901,10,0,207/223(F),MKT,M,,1,KS,N. Newton,KIDRON APARTMENTS HICKORY HOME,137.0,2014.0,-72.0,0,1,0,5.0,490.5,-252.5,223f,RP
GNR_2014_SEASONED,36180SY73,PN,MERCHANTS CAPITAL CORP.,36180SY73_000000007511188,000000007511188,202603,3.78,3229582.99,420,72,20130901,20481001,,20231001,10,0,207/223F,MKT,,,,WI,Madison,PARKSIDE APARTMENTS,150.0,2013.0,40.0,0,0,1,0.0,490.5,-125.0,223f,RP
GNR_2014_SEASONED,3617A45E4,PN,"WALKER & DUNLOP, LLC",3617A45E4_000000008335745,000000008335745,202603,3.95,2679082.23,494,102,20150928,20570301,,20270401,10,0,221(D)(4),MKT,,,,KY,Richmond,MADISON TOWERS APARTMENTS,126.0,2015.0,40.0,0,1,0,2.0,490.5,-133.0,221d4,NC
GNR_2014_SEASONED,36185CTV6,LM,DAVIS-PENN MORTGAGE CO.,36185CTV6_000000011535480,000000011535480,202603,3.87,4761460.77,480,200,20150820,20470601,,20250901,10,0,221(D)(4),MKT,M,,1,TX,San Antonio,PALACIO DEL SOL APARTMENTS,127.0,2015.0,32.0,0,0,1,0.0,490.5,-116.0,221d4,NC
GNR_2014_SEASONED,36180QC22,PN,"WALKER & DUNLOP, LLC",36180QC22_000000001211378,000000001211378,202603,3.65,2374582.63,420,6,20151110,20501201,,20251230,10,0,207/223(f),MKT,,,,NY,Brooklyn,1100 & 1102 BEDFORD AVENUE,124.0,2015.0,10.0,0,0,1,0.0,490.5,-138.0,223f,RP
GNR_2014_SEASONED,3617QANQ6,LM,"WALKER & DUNLOP, LLC",3617QANQ6_000000001211336,000000001211336,202603,3.45,3225023.35,420,48,20141023,20491101,20211101,20301101,9,1,223(f)/207,MKT,M,,1,NY,East Hampton,WINDMILL VILLAGE II,137.0,2014.0,-40.0,0,1,0,6.0,490.5,-233.0,223f,RP
GNR_2014_SEASONED,3617UAX98,LM,"LUMENT REAL ESTATE CAPITAL,LLC",3617UAX98_000000012211370,000000012211370,202603,2.96,4841391.55,420,75,20160427,20510501,,20310201,10,0,207/223(F),AFF,M,,1,CA,Hawthorne,TELACU SENIOR HOUSING,119.0,2016.0,-49.0,0,1,0,5.0,490.5,-269.5,223f,RP
GNR_2014_SEASONED,36179G4B6,PN,"JLL REAL ESTATE CAPITAL, LLC",36179G4B6_000000012611098,000000012611098,202603,2.84,8959365.0,420,160,20130501,20480601,,20230701,10,0,223(F),MKT,,,,OR,Clackama,CREEKSIDE APARTMENTS,154.0,2013.0,-54.0,0,0,1,0.0,490.5,-219.0,223f,RP
GNR_2014_SEASONED,36195G3S0,PN,"CAPITAL ONE, N.A.",36195G3S0_000000006135858,000000006135858,202603,3.93,12554225.27,498,170,20161229,20580701,,20280801,10,0,221(D)(4),BAF,,,,GA,Decatur,STERLING AT CANDLER VILLAGE,111.0,2016.0,48.0,0,1,0,3.0,490.5,-147.5,221d4,NC
GNR_2014_SEASONED,36180WH73,PN,"WALKER & DUNLOP, LLC",36180WH73_000000006535720,000000006535720,202603,3.55,3780400.25,496,102,20130508,20541101,20151201,20241201,9,1,221(d)(4),MKT,,,,MS,Batesville,SKYVIEW APARTMENTS,154.0,2013.0,17.0,0,0,1,0.0,490.5,-148.0,221d4,NC
GNR_2014_SEASONED,3617NWB35,LM,"BERKADIA COMMERCIAL MORTGAGE, LLC",3617NWB35_000000011735247,000000011735247,202603,2.5,19844401.68,464,230,20140108,20551201,,20301101,10,0,221(D)(4),MKT,M,,1,OK,Norman,THE WINDSOR APARTMENTS,146.0,2014.0,-135.0,0,1,0,6.0,490.5,-328.0,221d4,NC
GNR_2014_SEASONED,36183HUD5,PN,"LUMENT REAL ESTATE CAPITAL,LLC",36183HUD5_000000001711181,000000001711181,202603,3.75,5703706.16,420,150,20150206,20500301,,20250401,10,0,223F/223A7,MKT,,,,CT,Meriden,CRESTWOOD PARK II APTS,133.0,2015.0,20.0,0,0,1,0.0,490.5,-128.0,223a7,RP
GNR_2014_SEASONED,36196PH54,PN,"LUMENT REAL ESTATE CAPITAL,LLC",36196PH54_000000004211287,000000004211287,202603,3.03,3919049.31,420,68,20161215,20520101,,20270201,10,0,207/223(F),MKT,,,,OH,Elyria,HIDDEN ACRES PHASE II,111.0,2016.0,-42.0,0,1,0,1.0,490.5,-212.5,223f,RP
GNR_2014_SEASONED,36181KQY9,PN,"PNC BANK, NA",36181KQY9_000000014311162,000000014311162,202603,3.94,1875558.96,420,40,20140321,20490401,,20240501,10,0,207/223(F),MKT,,,,CA,San Bernardino,ARROWHEAD VISTA,144.0,2014.0,9.0,0,0,1,0.0,490.5,-109.0,223f,RP
GNR_2014_SEASONED,36188MLH0,PN,BELLWETHER ENTERPRISE REAL ESTATE CAPITA,36188MLH0_000000007311834,000000007311834,202603,3.75,1035238.26,420,30,20150827,20500901,,20250930,10,0,223(F),MKT,,,,IN,Madison,MADISON HERITAGE APARTMENTS,127.0,2015.0,20.0,0,0,1,0.0,490.5,-128.0,223f,RP
GNR_2014_SEASONED,36180KYX3,PN,"LUMENT REAL ESTATE CAPITAL,LLC",36180KYX3_000000005111263,000000005111263,202603,3.07,1401502.48,240,60,20130529,20330601,,20230630,10,0,207/223(F),MKT,,,,VA,Richmond,HOLLYBROOK I & II,154.0,2013.0,-31.0,0,0,1,0.0,490.5,-196.0,223f,RP
GNR_2014_SEASONED,3617NECA8,LM,"BERKADIA COMMERCIAL MORTGAGE, LLC",3617NECA8_000000012935122,000000012935122,202603,3.35,8653453.54,452,168,20150402,20560801,,20300901,10,0,221(D)(4),MKT,M,,1,CA,San Diego,GRACE TOWER,131.0,2015.0,-20.0,0,1,0,6.0,490.5,-243.0,221d4,NC
GNR_2014_SEASONED,36180GUC2,PN,"WALKER & DUNLOP, LLC",36180GUC2_000000012911085,000000012911085,202603,3.94,4809813.09,420,89,20140225,20490601,,20240701,10,0,207/223(F),MKT,,,,CA,El Cajon,EL CAJON SENIOR TOWERS,145.0,2014.0,9.0,0,0,1,0.0,490.5,-109.0,223f,RP
GNR_2014_SEASONED,36178T5Z5,PN,MERCHANTS CAPITAL CORP.,36178T5Z5_000000004711131,000000004711131,202603,2.5,7337196.87,420,192,20130201,20480301,,20230301,10,0,207/223(f),MKT,,,,MI,Kalamazoo,CANTERBURY HOUSE APARTMENTS KA,157.0,2013.0,-88.0,0,0,1,0.0,490.5,-253.0,223f,RP
GNR_2014_SEASONED,36178YTW5,PN,GREYSTONE SERVICING COMPANY LLC,36178YTW5_000000012235709,000000012235709,202603,3.3,9662468.33,360,185,20130401,20431201,20150101,20240101,9,1,221(d)(4),MKT,,,,CA,Norwalk,NORWALK CHRISTIAN TOWERS,155.0,2013.0,-8.0,0,0,1,0.0,490.5,-173.0,221d4,NC
GNR_2014_SEASONED,36193CAB0,PN,GREYSTONE FUNDING COMPANY LLC,36193CAB0_000000005111335,000000005111335,202603,3.58,2220221.9,420,48,20160301,20510401,,20260501,10,0,207/223F,MKT,,,,VA,Suffolk,AUTUMN RIDGE II APARTMENTS,120.0,2016.0,13.0,0,1,0,1.0,490.5,-157.5,223f,RP
GNR_2014_SEASONED,36192SCA6,PN,"LUMENT REAL ESTATE CAPITAL,LLC",36192SCA6_000000010211084,000000010211084,202603,3.79,1429655.49,420,35,20151125,20510201,,20260301,10,0,207/223(F),MKT,,,,KS,Manhattan,GARDEN GROVE APARTMENTS,124.0,2015.0,24.0,0,0,1,0.0,490.5,-124.0,223f,RP
GNR_2014_SEASONED,36187SSW8,PN,"LUMENT REAL ESTATE CAPITAL,LLC",36187SSW8_000000011535734,000000011535734,202603,3.65,20267851.57,498,216,20150826,20570301,,20270401,10,0,221(D)(4),MKT,,,,TX,Austin,HARRIS BRANCH SENIORS,127.0,2015.0,10.0,0,1,0,2.0,490.5,-163.0,221d4,NC
GNR_2014_SEASONED,36184SBY5,PN,"NORTHMARQ FINANCE, LLC",36184SBY5_000000006111333,000000006111333,202603,3.6,1107257.47,312,134,20140116,20411201,,20260101,10,0,207/223(F),MKT,,,,GA,Clarksville,HABERSHAM HOUSING,146.0,2014.0,-25.0,0,0,1,0.0,490.5,-143.0,223f,RP
GNR_2014_SEASONED,3617Q5YB8,LM,"LUMENT REAL ESTATE CAPITAL,LLC",3617Q5YB8_000000004311215,000000004311215,202603,2.98,1709790.22,420,66,20131001,20481101,,20320401,10,0,207/223(F),MKT,M,,1,OH,Columbus,LINCOLN GREEN,149.0,2013.0,-40.0,0,1,0,7.0,490.5,-292.5,223f,RP
GNR_2014_SEASONED,36180CVN6,PN,ZIEGLER FINANCING CORPORATION,36180CVN6_000000006222095,000000006222095,202603,4.17,33933137.37,300,148,20140729,20390801,20220901,20250901,3,8,242/223f,MKT,,,,AL,Sylacauga,COOSA VALLEY MEDICAL CENTER AK,140.0,2014.0,32.0,0,0,1,0.0,490.5,-86.0,223f,RP
GNR_2014_SEASONED,36195F3X1,PN,"LUMENT REAL ESTATE CAPITAL,LLC",36195F3X1_000000008435393,000000008435393,202603,3.09,6546684.18,495,166,20161208,20580401,,20280501,10,0,221(D)(4),BAF,,,,MO,Independence,HERITAGE HOUSE,111.0,2016.0,-36.0,0,1,0,3.0,490.5,-231.5,221d4,NC
GNR_2014_SEASONED,36183CH58,PN,MERCHANTS CAPITAL CORP.,36183CH58_000000007311791,000000007311791,202603,3.45,4281074.29,420,100,20141101,20491201,,20241130,10,0,207/223(F),MKT,,,,IN,Greenfield,PRAIRIE MEADOWS,136.0,2014.0,-40.0,0,0,1,0.0,490.5,-158.0,223f,RP
GNR_2014_SEASONED,36180HGG7,PN,"BERKADIA COMMERCIAL MORTGAGE, LLC",36180HGG7_000000011511198,000000011511198,202603,3.15,690065.6,420,56,20130205,20480601,20140701,20230701,9,1,223f/223a7,MKT,,,,TX,Harlingen,NORTH STAR VILLAGE APARTMENTS,157.0,2013.0,-23.0,0,0,1,0.0,490.5,-188.0,223a7,RP
GNR_2014_SEASONED,3617W4BG8,LM,"WELLS FARGO BANK, N.A.",3617W4BG8_000000006511105,000000006511105,202603,2.92,1867729.54,420,76,20140201,20490301,,20310801,10,0,207/223(F),MKT,M,,1,MS,Flora,PRIDE GARDEN APARTMENTS,145.0,2014.0,-93.0,0,1,0,6.0,490.5,-286.0,223f,RP
GNR_2014_SEASONED,36179J4H7,PN,"WELLS FARGO BANK, N.A.",36179J4H7_000000006535715,000000006535715,202603,3.0,17104416.71,480,240,20130401,20530501,20140601,20230601,9,1,221d4223a7,MKT,,,,MS,Hattiesburg,THE LAKES AT TURTLE CREEK,155.0,2013.0,-38.0,0,0,1,0.0,490.5,-203.0,221d4,RP
GNR_2014_SEASONED,36182N5P4,PN,COLLIERS MORTGAGE LLC,36182N5P4_000000009235792,000000009235792,202603,3.97,8946395.95,433,582,20150217,20510301,,20260401,10,0,221d4,MKT,,,,MN,Minneapolis,AEON MP3,133.0,2015.0,42.0,0,1,0,0.0,490.5,-106.0,221d4,NC
GNR_2014_SEASONED,3617WBRK6,LM,"WELLS FARGO BANK, N.A.",3617WBRK6_000000006511100,000000006511100,202603,2.8,2596095.97,420,72,20131201,20490101,,20310901,10,0,207/223(F),MKT,M,,1,MS,Jackson,PINEHURST PARK,147.0,2013.0,-58.0,0,1,0,6.0,490.5,-298.0,223f,RP
GNR_2014_SEASONED,36196ERZ2,PN,MIDLAND STATES BANK,36196ERZ2_000000005611033,000000005611033,202603,3.29,2247558.69,420,72,20161213,20520101,,20270201,10,0,207 / 223(F),BAF,,,,PR,Caguas,HOGAR CRISTO REY,111.0,2016.0,-16.0,0,1,0,1.0,490.5,-186.5,223f,RP
GNR_2014_SEASONED,3617QRH60,LM,"LUMENT REAL ESTATE CAPITAL,LLC",3617QRH60_000000004511037,000000004511037,202603,2.3,3269582.81,420,104,20140922,20491001,,20310201,10,0,207/223(F),MKT,M,,1,WV,Ceredo,CEREDO MANOR,138.0,2014.0,-155.0,0,1,0,5.0,490.5,-335.5,223f,RP
GNR_2014_SEASONED,36196KYU1,LM,"BERKADIA COMMERCIAL MORTGAGE, LLC",36196KYU1_000000003411153,000000003411153,202603,3.89,5551169.34,420,288,20130520,20481001,,20270201,10,0,207/223(F),MKT,M,,1,PA,Philadelphia,CASA FARNESE APTS.,154.0,2013.0,51.0,0,1,0,2.0,490.5,-139.0,223f,RP
GNR_2014_SEASONED,36184QBH6,LM,"PNC BANK, NA",36184QBH6_000000001711084,000000001711084,202603,3.23,1440043.63,420,49,20150421,20400201,,20250601,10,0,223F,MKT,M,,1,CT,Norwalk,BROAD RIVER HOMES,131.0,2015.0,-32.0,0,0,1,0.0,490.5,-180.0,223f,RP
GNR_2014_SEASONED,3617URTG0,LM,M&T REALTY CAPITAL CORPORATION,3617URTG0_000000005211219,000000005211219,202603,2.91,5223695.87,420,121,20151030,20501101,,20310601,10,0,207/223(F),MKT,M,,1,MD,Cockeysville,WARREN PLACE SENIOR APARTMENTS,125.0,2015.0,-64.0,0,1,0,6.0,490.5,-287.0,223f,RP
GNR_2014_SEASONED,36198LGX1,PN,"LUMENT REAL ESTATE CAPITAL,LLC",36198LGX1_000000008711096,000000008711096,202603,3.45,2871491.27,420,94,20141114,20491201,,20241231,10,0,223(f),MKT,,,,TN,Bristol,MOUNTAIN VIEW APARTMENTS,136.0,2014.0,-40.0,0,0,1,0.0,490.5,-158.0,223f,RP
GNR_2014_SEASONED,36180KXD8,LM,"GRANDBRIDGE REAL ESTATE CAPITAL, LLC",36180KXD8_000000005311217,000000005311217,202603,4.7,376217.01,158,110,20140301,20270601,20150501,20240501,9,1,223(F),MKT,M,,1,NC,Kinston,SIX CHURCHES PLAZA,144.0,2014.0,85.0,0,0,1,0.0,490.5,-33.0,223f,RP
GNR_2014_SEASONED,36181KRL6,PN,"PNC BANK, NA",36181KRL6_000000011635171,000000011635171,202603,4.23,2635603.64,497,98,20140701,20560101,,20260201,10,0,221D4,MKT,,,,NM,Bernalillo,VILLAGE IN THE BOSQUE,140.0,2014.0,38.0,0,0,1,0.0,490.5,-80.0,221d4,NC
GNR_HC_2020,3617UAXZ0,LM,"LUMENT REAL ESTATE CAPITAL,LLC",3617UAXZ0_000000005322223,000000005322223,202603,3.91,6385853.29,420,155,20180926,20531001,20220201,20310201,9,1,232/223(f),MKT,M,,1,NC,Wadesboro,ANSON HEALTH AND REHABILITATIO,90.0,2018.0,-11.0,0,1,0,6.0,490.5,-187.0,232,RP
GNR_HC_2020,3617ULW79,PN,NEWPOINT REAL ESTATE CAPITAL LLC,3617ULW79_000000007122437,000000007122437,202603,2.25,21528117.21,345,288,20210225,20510301,,20310331,10,0,232/223(F),MKT,,,,IL,Evergreen Park,AVANTARA EVERGREEN PARK,61.0,2021.0,-33.0,0,1,0,5.0,490.5,-340.5,232,RP
GNR_HC_2020,3617HAGR2,PN,M&T REALTY CAPITAL CORPORATION,3617HAGR2_000000003122124,000000003122124,202603,3.26,10740326.68,420,164,20190828,20540901,,20290930,10,0,232/223(F),MKT,,,,NJ,Chatham,CHATHAM HILLS SUBACUTE CARE CE,79.0,2019.0,-41.0,0,1,0,1.0,490.5,-189.5,232,RP
GNR_HC_2020,3617YHEZ2,PN,NEWPOINT REAL ESTATE CAPITAL LLC,3617YHEZ2_000000001222430,000000001222430,202603,3.15,23270612.74,168,156,20220329,20360401,,20320430,10,0,232/223(F),MKT,,,,NY,Freeport,MEADOWBROOK CARE CENTER,48.0,2022.0,-60.0,0,1,0,8.0,490.5,-288.0,232,RP
GNR_HC_2020,3617JUB42,LM,"NORTHMARQ FINANCE, LLC",3617JUB42_000000007422053,000000007422053,202603,3.37,5863187.68,420,70,20200310,20490901,20210801,20300801,9,1,232/223(f),MKT,M,,1,IA,Clive,WOODLANDS CREEK,72.0,2020.0,52.0,0,1,0,6.0,490.5,-241.0,232,RP
GNR_HC_2020,3617M7DV7,PN,"CAPITAL FUNDING,LLC.",3617M7DV7_000000004522061,000000004522061,202603,3.2,12981826.33,360,120,20200415,20500501,,20300601,10,0,232/223(F),MKT,,,,WV,Lewisburg,AMFM - GREENBRIER HEALTH CARE,71.0,2020.0,35.0,0,1,0,5.0,490.5,-245.5,232,RP
GNR_HC_2020,3617NMSV7,PN,GREYSTONE FUNDING COMPANY LLC,3617NMSV7_000000002322211,000000002322211,202603,2.8,9743148.14,420,257,20200601,20550701,,20300801,10,0,223(A)(7)/232/223(F),MKT,,,,MA,Plymouth,PLYMOUTH REHABILITATION & HEAL,69.0,2020.0,-5.0,0,1,0,5.0,490.5,-285.5,232,RP
GNR_HC_2020,3617V2WX3,LM,GREYSTONE FUNDING COMPANY LLC,3617V2WX3_000000001222344,000000001222344,202603,2.95,14554030.6,322,120,20180124,20480201,,20310501,10,0,232/223(F),MKT,M,,1,NY,Little Neck,LITTLE NECK CARE CENTER,98.0,2018.0,-107.0,0,1,0,6.0,490.5,-283.0,232,RP
GNR_HC_2020,3617QNLD9,PN,"JLL REAL ESTATE CAPITAL, LLC",3617QNLD9_000000009222182,000000009222182,202603,3.47,7751825.89,420,132,20210429,20560501,,20310601,10,0,223(A)(7)/232/223(F),MKT,,,,MN,Kasson,PRAIRIE MEADOWS SENIOR LIVING,59.0,2021.0,89.0,0,1,0,4.0,490.5,-206.0,232,RP
GNR_HC_2020,3617MPCM8,LM,GERSHMAN INVESTMENT CORP.,3617MPCM8_000000013622044,000000013622044,202603,2.83,1414296.11,263,41,20200501,20420501,,20300701,10,0,232 223(A)(7),MKT,M,,1,CA,Chico,THE COURTYARD AT LITTLE CHICO,70.0,2020.0,-2.0,0,1,0,10.0,490.5,-345.0,232,RP
GNR_HC_2020,3617M4T62,PN,GREYSTONE FUNDING COMPANY LLC,3617M4T62_000000008422071,000000008422071,202603,3.18,14178430.29,360,202,20191101,20491201,,20300101,10,0,232/223(F),MKT,,,,KS,Shawnee,Shawnee Gardens Healthcare & R,76.0,2019.0,-49.0,0,1,0,4.0,490.5,-235.0,232,RP
GNR_HC_2020,3617VPHK7,PN,COLLIERS MORTGAGE LLC,3617VPHK7_000000005222137,000000005222137,202603,2.65,17843817.46,420,87,20210501,20560601,,20310701,10,0,232/223(A)(7),MKT,,,,MD,Parkville,Morningside House of Satyr Hil,58.0,2021.0,7.0,0,1,0,7.0,490.5,-325.5,232,RP
GNR_HC_2020,3617QRJ76,PN,CAMBRIDGE REALTY CAPITAL LTD OF ILLINOIS,3617QRJ76_000000007122490,000000007122490,202603,2.6,11637016.85,419,117,20210701,20560801,,20310901,10,0,223(A)(7)/232,MKT,,,,IL,Cicero,ALDEN TOWN MANOR,56.0,2021.0,2.0,0,1,0,10.0,490.5,-368.0,232,RP
GNR_HC_2020,3617NE2Q4,LM,"CAPITAL ONE, N.A.",3617NE2Q4_000000008222054,000000008222054,202603,3.2,4290113.56,360,80,20200601,20440701,,20300801,10,0,232/223(F),MKT,M,,1,AR,Glenwood,GLENWOOD HEALTH AND REHABILITA,69.0,2020.0,35.0,0,1,0,5.0,490.5,-245.5,232,RP
GNR_HC_2020,3617NFXR5,PN,"CAPITAL FUNDING,LLC.",3617NFXR5_000000010122153,000000010122153,202603,2.53,9513877.17,360,187,20200504,20500601,,20300701,10,0,232/223(F),MKT,,,,CO,Lakewood,VILLA MANOR CARE CENTER,70.0,2020.0,-32.0,0,1,0,5.0,490.5,-312.5,232,RP
GNR_HC_2020,3617AU3M0,PN,NEWPOINT REAL ESTATE CAPITAL LLC,3617AU3M0_000000004443100,000000004443100,202603,4.05,26361300.37,496,260,20191006,20610301,,20310331,10,0,232,MKT,,,,MI,Macomb Township,WESTWOOD INN,77.0,2019.0,38.0,0,1,0,6.0,490.5,-173.0,232,NC
GNR_HC_2020,3617LA4S8,PN,GREYSTONE FUNDING COMPANY LLC,3617LA4S8_000000008322063,000000008322063,202603,3.25,7253484.71,420,197,20190801,20540901,,20291001,10,0,232/223(F),MKT,,,,KY,Somerset,PHILIPSON - SOMERSET NURSING &,79.0,2019.0,-42.0,0,1,0,4.0,490.5,-228.0,232,RP
GNR_HC_2020,3617MCVQ7,PN,NEWPOINT REAL ESTATE CAPITAL LLC,3617MCVQ7_000000008622053,000000008622053,202603,2.93,7550211.79,333,208,20200227,20500301,,20300331,10,0,232/223(f),MKT,,,,TN,Franklin,CLAIBORNE AND HUGHES HEALTH CE,73.0,2020.0,8.0,0,1,0,4.0,490.5,-260.0,232,RP
GNR_HC_2020,3617UEWD2,PN,DWIGHT CAPITAL LLC,3617UEWD2_000000004322147,000000004322147,202603,2.36,3268990.59,405,109,20210201,20541201,,20310401,10,0,232/223(F),MKT,,,,OH,Westerville,NORTHWOOD BUCKEYE TERRANCE,61.0,2021.0,-22.0,0,1,0,6.0,490.5,-342.0,232,RP
GNR_HC_2020,3617MRHJ6,PN,"WALKER & DUNLOP, LLC",3617MRHJ6_000000004422104,000000004422104,202603,3.27,13467212.69,420,190,20200330,20550401,,20300501,10,0,232/223(F),MKT,,,,MI,Novi,WELLBRIDGE OF NOVI,72.0,2020.0,42.0,0,1,0,5.0,490.5,-238.5,232,RP
GNR_HC_2020,3617BTYJ5,PN,"CAPITAL FUNDING,LLC.",3617BTYJ5_000000001722121,000000001722121,202603,3.75,7247435.09,360,90,20180426,20480501,,20280601,10,0,232/223(F),MKT,,,,CT,Waterbury,STERN-AUTUMN LAKE HC BUCKS HIL,95.0,2018.0,-27.0,0,1,0,3.0,490.5,-165.5,232,RP
GNR_HC_2020,3617ACLV0,PN,"ARBOR AGENCY LENDING, LLC",3617ACLV0_000000004222274,000000004222274,202603,4.45,8632492.96,420,166,20180901,20531001,,20281101,10,0,232/223(F),MKT,,,,OH,Cleveland,ALGART HEALTH CARE,90.0,2018.0,43.0,0,1,0,3.0,490.5,-95.5,232,RP
GNR_HC_2020,3617NDKV5,PN,"WALKER & DUNLOP, LLC",3617NDKV5_000000001722159,000000001722159,202603,2.98,23977656.11,457,343,20200630,20580801,,20300801,10,0,232/223(A)(7),MKT,,,,CT,Bethel,BETHEL HEALTH & REAHABILITATIO,69.0,2020.0,13.0,0,1,0,5.0,490.5,-267.5,232,RP
GNR_HC_2020,3617HAGT8,PN,M&T REALTY CAPITAL CORPORATION,3617HAGT8_000000001422158,000000001422158,202603,3.25,13238485.98,420,272,20190801,20540901,,20290930,10,0,232/223(F),MKT,,,,NY,Gloversville,FULTON CENTER FOR REHABILITATI,79.0,2019.0,-42.0,0,1,0,1.0,490.5,-190.5,232,RP
GNR_HC_2020,3617UEVH4,PN,DWIGHT CAPITAL LLC,3617UEVH4_000000002322200,000000002322200,202603,3.25,6639091.25,420,124,20201201,20560101,,20250201,4,0,232/223(F),MKT,,,,MA,Hyannis,THE PAVILION REHABILITATION &,63.0,2020.0,40.0,0,0,1,0.0,490.5,-178.0,232,RP
GNR_HC_2020,3617NULL8,PN,DWIGHT CAPITAL LLC,3617NULL8_000000004222315,000000004222315,202603,3.14,6947647.54,360,168,20200901,20501001,,20301101,10,0,232/223(F),MKT,,,,OH,Brunswick,CARECORE WILLOWOOD CARE CENTER,66.0,2020.0,29.0,0,1,0,1.0,490.5,-201.5,232,RP
GNR_HC_2020,3617MPBR8,LM,"CAPITAL ONE, N.A.",3617MPBR8_000000007122325,000000007122325,202603,3.2,17009554.71,420,218,20200501,20491101,,20300701,10,0,232/223(F),MKT,M,,1,IL,Chicago,INTERNATIONAL NURSING & REHAB,70.0,2020.0,35.0,0,1,0,5.0,490.5,-245.5,232,RP
GNR_HC_2020,3617Q8LV2,LM,KEYBANK NATIONAL ASSOCIATION,3617Q8LV2_000000001222341,000000001222341,202603,3.6,110888251.19,420,499,20180517,20530601,,20300831,10,0,232/223(F),MKT,M,,1,NY,New York,UPPER EAST SIDE REHAB. & NURSI,94.0,2018.0,-42.0,0,1,0,5.0,490.5,-205.5,232,RP
GNR_HC_2020,3617WAR44,PN,MERCHANTS CAPITAL CORP.,3617WAR44_000000011422132,000000011422132,202603,2.41,11327121.45,420,63,20210801,20560901,,20310930,10,0,232/223(F),MKT,,,,TX,Houston,EASTVIEW HEALTHCARE AND REHAB,55.0,2021.0,-17.0,0,1,0,6.0,490.5,-337.0,232,RP
GNR_HC_2020,3617LWF58,LM,M&T REALTY CAPITAL CORPORATION,3617LWF58_000000001422152,000000001422152,202603,4.05,9228687.68,420,139,20181001,20531101,,20300601,10,0,232/223(F),MKT,M,,1,NY,Glenville,JUDSON MEADOWS ASSISTED LIVING,89.0,2018.0,3.0,0,1,0,6.0,490.5,-173.0,232,RP
GNR_HC_2020,3617ULT99,PN,GERSHMAN INVESTMENT CORP.,3617ULT99_000000007222201,000000007222201,202603,2.6,6073079.87,420,206,20210428,20560501,,20310601,10,0,223(A)(7)/232/223(F),MKT,,,,IL,Centralia,HERITAGE WOODS OF CENTRALIA,59.0,2021.0,2.0,0,1,0,10.0,490.5,-368.0,232,RP
GNR_HC_2020,3617HJ3F3,PN,X-CALIBER CAPITAL LLC,3617HJ3F3_000000005322221,000000005322221,202603,4.6,6188689.66,420,94,20180821,20530901,,20281001,10,0,232/223(F),MKT,,,,NC,Burgaw,TREFZGER II-ASHE GARDENS MEMOR,91.0,2018.0,58.0,0,1,0,3.0,490.5,-80.5,232,RP
GNR_HC_2020,3617H2D85,PN,"CAPITAL FUNDING,LLC.",3617H2D85_000000012722142,000000012722142,202603,4.65,1701494.2,360,97,20180613,20480701,,20230801,5,0,232/223(F),MKT,,,,WA,Marysville,LIFE CARE CENTER -MARYSVILLE C,93.0,2018.0,63.0,0,0,1,0.0,490.5,-38.0,232,RP
GNR_HC_2020,3617Y9FA4,PN,M&T REALTY CAPITAL CORPORATION,3617Y9FA4_000000001422186,000000001422186,202603,3.08,6889740.08,420,48,20220331,20570401,,20320501,10,0,223(A)(7)/232,MKT,,,,NY,North Chili,THE MEMORY CARE RESIDENCES AT,48.0,2022.0,-67.0,0,1,0,7.0,490.5,-282.5,232,RP
GNR_HC_2020,3617LA5B4,PN,GREYSTONE FUNDING COMPANY LLC,3617LA5B4_000000011622026,000000011622026,202603,3.38,12325512.11,420,167,20190901,20541001,,20291101,10,0,232/223(F),MKT,,,,NM,Rio Rancho,THE RETREAT AND RETREAT  GARDE,78.0,2019.0,-29.0,0,1,0,4.0,490.5,-215.0,232,RP
GNR_HC_2020,3617N3YH3,PN,GREYSTONE FUNDING COMPANY LLC,3617N3YH3_000000004222313,000000004222313,202603,2.79,8645755.63,420,205,20200401,20550501,,20300601,10,0,232/223(F),MKT,,,,OH,Strongsville,FALLING WATER HEALTHCARE CENTE,71.0,2020.0,-6.0,0,1,0,5.0,490.5,-286.5,232,RP
GNR_HC_2020,3617Y9LT6,PN,NEWPOINT REAL ESTATE CAPITAL LLC,3617Y9LT6_000000002322238,000000002322238,202603,2.38,11553777.93,420,76,20220217,20570301,,20320401,10,0,223(A)(7)/232/223(F),MKT,,,,MA,Concord,CAREONE AT CONCORD,49.0,2022.0,-137.0,0,1,0,7.0,490.5,-352.5,232,RP
GNR_HC_2020,3617LC5J3,PN,"LUMENT REAL ESTATE CAPITAL,LLC",3617LC5J3_000000012922064,000000012922064,202603,2.97,12866323.67,420,214,20191010,20541101,,20291201,10,0,232/223(F),MKT,,,,CA,San Diego,PLUM- REO VISTA HEALTHCARE CEN,77.0,2019.0,-70.0,0,1,0,4.0,490.5,-256.0,232,RP
GNR_HC_2020,3617NMS21,PN,GREYSTONE FUNDING COMPANY LLC,3617NMS21_000000010322069,000000010322069,202603,2.79,12120091.02,420,235,20200601,20550701,,20300801,10,0,232/223(F),MKT,,,,NE,Omaha,AZRIA HEALTH AT MONTCLAIR,69.0,2020.0,-6.0,0,1,0,5.0,490.5,-286.5,232,RP
GNR_HC_2020,3617K5EC4,PN,KEYBANK NATIONAL ASSOCIATION,3617K5EC4_000000011522327,000000011522327,202603,3.4,14279145.76,420,180,20190701,20540801,,20290831,10,0,232/223(F),MKT,,,,TX,Corpus Christi,REGENCY - WINDSOR CALALLEN,80.0,2019.0,-27.0,0,1,0,4.0,490.5,-213.0,232,RP
GNR_AFF_2018,3617W9QW6,LM,"JLL REAL ESTATE CAPITAL, LLC",3617W9QW6_000000009235825,000000009235825,202603,3.19,44337798.01,457,222,20210930,20591101,20221101,20311101,9,1,221(d)(4),AFF,M,,1,MN,Eden Prairie,ELEVATE AT SOUTHWEST STATION,54.0,2021.0,61.0,0,1,0,7.0,490.5,-271.5,221d4,NC
GNR_AFF_2018,3617QGW67,PN,"ARBOR AGENCY LENDING, LLC",3617QGW67_000000008311207,000000008311207,202603,2.48,1788437.89,420,68,20200801,20550901,,20301001,10,0,232/223(F),BAF,,,,KY,Henderson,WOODSVIEW APARTMENTS,67.0,2020.0,-37.0,0,1,0,5.0,490.5,-317.5,232,RP
GNR_AFF_2018,36197M6A1,PN,"LUMENT REAL ESTATE CAPITAL,LLC",36197M6A1_000000012911097,000000012911097,202603,4.14,20408425.06,420,161,20180731,20530801,,20280831,10,0,207/223(f),BAF,,,,CA,San Marcos,GRANDON VILLAGE APARTMENTS,92.0,2018.0,12.0,0,1,0,3.0,490.5,-126.5,223f,RP
GNR_AFF_2018,3617MRW83,PN,"JLL REAL ESTATE CAPITAL, LLC",3617MRW83_000000005235853,000000005235853,202603,2.3,22345330.75,480,200,20200929,20601001,,20301101,10,0,223(A)(7)/221(D)(4),BAF,,,,MD,Towson,TABCO TOWERS,66.0,2020.0,-55.0,0,1,0,1.0,490.5,-285.5,221d4,RP
GNR_AFF_2018,36195VCL2,PN,"ROSE COMMUNITY CAPITAL, LLC",36195VCL2_000000004235707,000000004235707,202603,3.99,1611242.81,493,40,20170401,20580601,20180701,20280701,10,1,221(d)(4),BAF,,,,OH,Cuyahoga Falls,Friendship Terrace Apartments,107.0,2017.0,52.0,0,1,0,3.0,490.5,-141.5,221d4,NC
GNR_AFF_2018,3617QWYJ2,LM,"ROSE COMMUNITY CAPITAL, LLC",3617QWYJ2_000000003111121,000000003111121,202603,3.2,56139337.85,390,429,20210401,20531101,20220601,20310601,10,1,207/223(f),BAF,M,,1,NJ,Newark,GRACE WEST APARTMENTS,59.0,2021.0,62.0,0,1,0,6.0,490.5,-258.0,223f,RP
GNR_AFF_2018,36194HMT6,PN,"BERKELEY POINT CAPITAL, LLC DBA NEWMARK",36194HMT6_000000001211377,000000001211377,202603,3.9,1627483.35,420,21,20160901,20511001,,20261101,10,0,207 / 223 (F),BAF,,,,NY,New York,COUNCIL HOUSE,114.0,2016.0,45.0,0,1,0,1.0,490.5,-125.5,223f,RP
GNR_AFF_2018,3617UAXE7,PN,"LUMENT REAL ESTATE CAPITAL,LLC",3617UAXE7_000000006411221,000000006411221,202603,2.12,2397917.04,420,35,20201228,20560101,,20310201,10,0,207/223(F),BAF,,,,LA,New Orleans,PINE STREET APARTMENTS,63.0,2020.0,-73.0,0,1,0,5.0,490.5,-353.5,223f,RP
GNR_AFF_2018,36194HNP3,PN,"BERKELEY POINT CAPITAL, LLC DBA NEWMARK",36194HNP3_000000006711272,000000006711272,202603,3.19,16931291.35,420,312,20170731,20520801,,20270901,10,0,207/223(F),BAF,,,,FL,Orlando,SAND LAKE POINTE APARTMENT HOM,104.0,2017.0,-28.0,0,1,0,2.0,490.5,-209.0,223f,RP
GNR_AFF_2018,3617AGRX1,PN,"BERKADIA COMMERCIAL MORTGAGE, LLC",3617AGRX1_000000007311922,000000007311922,202603,4.25,137012.65,360,30,20170828,20471201,,20280101,10,0,221(d)(4) 223(a)(7),BAF,,,,IN,Montpelier,VILLAGE GREEN APARTMENTS,103.0,2017.0,78.0,0,1,0,3.0,490.5,-115.5,221d4,RP
GNR_AFF_2018,3617JUCB5,PN,"WALKER & DUNLOP, LLC",3617JUCB5_000000006135884,000000006135884,202603,4.38,5380195.55,499,100,20190701,20610301,,20310401,10,0,221(D)(4),BAF,,,,GA,Rome,PARK HOMES,80.0,2019.0,71.0,0,1,0,6.0,490.5,-140.0,221d4,NC
GNR_AFF_2018,3617BBJM4,PN,"LUMENT REAL ESTATE CAPITAL,LLC",3617BBJM4_000000000011274,000000000011274,202603,3.34,4292774.11,420,414,20171215,20530101,,20230201,5,0,207/223F,AFF,,,,MD,Suitland,THE COURTS OF CAMP SPRINGS,99.0,2017.0,-13.0,0,0,1,0.0,490.5,-169.0,223f,RP
GNR_AFF_2018,3617QANT0,PN,"WALKER & DUNLOP, LLC",3617QANT0_000000005336360,000000005336360,202603,2.4,5013754.87,480,100,20200929,20601001,,20301101,10,0,221(D)(4)223(A)(7),BAF,,,,NC,Burlington,BURLINGTON HOMES,66.0,2020.0,-45.0,0,1,0,5.0,490.5,-325.5,221d4,RP
GNR_AFF_2018,3617XJZW3,LM,"BERKADIA COMMERCIAL MORTGAGE, LLC",3617XJZW3_000000005111388,000000005111388,202603,3.3,1037497.87,420,23,20180831,20531101,20230301,20320301,10,1,207/223(f),BAF,M,,1,VA,Fredericksburg,MCKENDREE MANOR,91.0,2018.0,-72.0,0,1,0,7.0,490.5,-260.5,223f,RP
GNR_AFF_2018,3617Q5YN2,PN,"LUMENT REAL ESTATE CAPITAL,LLC",3617Q5YN2_000000002335369,000000002335369,202603,3.22,19000484.2,500,152,20200901,20620601,,20320701,10,0,221(D)(4),AFF,,,,MA,Quincy,FENNO HOUSE,66.0,2020.0,37.0,0,1,0,7.0,490.5,-268.5,221d4,NC
GNR_AFF_2018,3617QANV5,PN,"WALKER & DUNLOP, LLC",3617QANV5_000000012111285,000000012111285,202603,2.37,6743217.32,420,95,20201105,20551201,,20310101,10,0,223(A)(7)/207/223(F),BAF,,,,CA,Sunnyvale,ASTER PARK,64.0,2020.0,-48.0,0,1,0,5.0,490.5,-328.5,223a7,RP
GNR_AFF_2018,3617JFYS7,PN,"LUMENT REAL ESTATE CAPITAL,LLC",3617JFYS7_000000011511297,000000011511297,202603,4.05,3895744.37,420,68,20190411,20540501,,20290601,10,0,207/223(F),BAF,,,,TX,Round Rock,TRINITY PLACE APARTMENTS,83.0,2019.0,38.0,0,1,0,4.0,490.5,-148.0,223f,RP
GNR_AFF_2018,3617NTH69,LM,GERSHMAN INVESTMENT CORP.,3617NTH69_000000010911021,000000010911021,202603,2.96,6721484.57,380,112,20200801,20520501,,20301001,10,0,207/223(F),BAF,M,,1,WY,Cheyenne,Prairie View Apartments,67.0,2020.0,11.0,0,1,0,7.0,490.5,-294.5,223f,RP
GNR_AFF_2018,3617GAE38,PN,"LUMENT REAL ESTATE CAPITAL,LLC",3617GAE38_000000007411118,000000007411118,202603,3.85,7067886.51,420,147,20180328,20530401,,20280501,10,0,207/223(F),BAF,,,,IA,Council Bluffs,FEATHERSTONE APTS,96.0,2018.0,-17.0,0,1,0,4.0,490.5,-168.0,223f,RP
GNR_AFF_2018,3617QSPJ1,LM,DWIGHT CAPITAL LLC,3617QSPJ1_000000010111264,000000010111264,202603,3.08,19740103.85,420,145,20170901,20521001,20220101,20310101,9,1,207/223(f),AFF,M,,1,CO,Denver,THE RESIDENCE AT CAPITOL HEIGH,102.0,2017.0,-39.0,0,1,0,1.0,490.5,-207.5,223f,RP
GNR_AFF_2018,3617G6TT4,PN,"JLL REAL ESTATE CAPITAL, LLC",3617G6TT4_000000006135875,000000006135875,202603,4.44,4474038.67,456,206,20180501,20560601,,20220401,4,0,223(A)(7)/221(D)(4),AFF,,,,GA,Savannah,ROSE OF SHARON APTS,94.0,2018.0,42.0,0,0,1,0.0,490.5,-59.0,221d4,RP
GNR_AFF_2018,36197DKY3,PN,"LUMENT REAL ESTATE CAPITAL,LLC",36197DKY3_000000008335749,000000008335749,202603,3.7,7043144.46,497,180,20170330,20580901,,20281001,10,0,221(D)(4),BAF,,,,KY,Lexington,Parkway Manor Apartments,108.0,2017.0,23.0,0,1,0,3.0,490.5,-170.5,221d4,NC
GNR_AFF_2018,3617GYZJ8,PN,"AGM FINANCIAL SERVICES, INC.",3617GYZJ8_000000005311434,000000005311434,202603,4.38,2207957.78,360,80,20181130,20481201,,20240101,5,0,223(F),BAF,,,,NC,Wilson,FOREST HILLS MANOR,88.0,2018.0,36.0,0,0,1,0.0,490.5,-65.0,223f,RP
GNR_AFF_2018,3617XKQF7,LM,"WELLS FARGO BANK, N.A.",3617XKQF7_000000010135760,000000010135760,202603,3.08,17482026.6,501,142,20171101,20590901,,20320301,10,0,221(D)(4),BAF,M,,1,CO,Denver,BAKER SCHOOL APTS,100.0,2017.0,-39.0,0,1,0,6.0,490.5,-270.0,221d4,NC
GNR_AFF_2018,3617UAYF3,PN,"LUMENT REAL ESTATE CAPITAL,LLC",3617UAYF3_000000004211371,000000004211371,202603,2.73,5473391.91,343,202,20210127,20490901,,20310301,10,0,223(A)(7)/207/223(F),BAF,,,,OH,Cleveland,AMBLESIDE TOWER,62.0,2021.0,15.0,0,1,0,5.0,490.5,-292.5,223a7,RP
GNR_AFF_2018,3617W8QA6,PN,"LUMENT REAL ESTATE CAPITAL,LLC",3617W8QA6_000000001611082,000000001611082,202603,2.25,12826799.84,420,174,20211101,20561201,,20320101,10,0,207/223(F),AFF,,,,RI,East Providence,BULLOCKS POINT VILLAGE APARTME,52.0,2021.0,-33.0,0,1,0,6.0,490.5,-353.0,223f,RP
GNR_AFF_2018,36191SKB6,PN,"HIGHLAND COMMERCIAL MORTGAGE, LLC.",36191SKB6_000000006510003,000000006510003,202603,3.95,2219699.05,480,101,20170901,20590201,,20290301,10,0,241(A),BAF,,,,MS,Gulfport,SARALAAND MANOR RETIREMENT APA,102.0,2017.0,48.0,0,1,0,3.0,490.5,-145.5,241,NC
GNR_AFF_2018,3617XPFZ4,LM,MIDLAND STATES BANK,3617XPFZ4_000000003211054,000000003211054,202603,3.3,9150607.34,388,169,20190329,20540401,20230101,20320101,9,1,207/223(f),BAF,M,,1,DE,Wilmington,WINDSOR APARTMENT,84.0,2019.0,-37.0,0,1,0,6.0,490.5,-248.0,223f,RP
GNR_AFF_2018,3617JUB26,PN,"NORTHMARQ FINANCE, LLC",3617JUB26_000000008411158,000000008411158,202603,3.07,6970308.27,420,136,20190904,20550501,,20300601,10,0,207/223(F),AFF,,,,MO,St. Robert,OAK POINT TOWNHOMES,78.0,2019.0,-60.0,0,1,0,5.0,490.5,-258.5,223f,RP
GNR_AFF_2018,3617AKHH8,PN,"LUMENT REAL ESTATE CAPITAL,LLC",3617AKHH8_000000011511268,000000011511268,202603,3.2,4003900.47,420,100,20171031,20521101,,20271201,10,0,207/223(F),BAF,,,,TX,Boerne,BOERNE PARK MEADOWS,101.0,2017.0,-27.0,0,1,0,2.0,490.5,-208.0,223f,RP
GNR_AFF_2018,36193EB41,PN,MERCHANTS CAPITAL CORP.,36193EB41_000000005336213,000000005336213,202603,2.5,17422751.77,504,200,20160501,20580601,20200701,20280701,8,2,221(d)(4),BAF,,,,NC,Durham,BRIAR GREEN APARTMENTS,118.0,2016.0,-95.0,0,1,0,3.0,490.5,-290.5,221d4,NC
GNR_AFF_2018,3617QE4X4,LM,GERSHMAN INVESTMENT CORP.,3617QE4X4_000000008511205,000000008511205,202603,3.25,2229986.59,214,116,20200801,20380701,20211001,20301001,9,1,207/223(f),BAF,M,,1,MO,Jefferson City,HYDER ELDERLY APARTMENTS,67.0,2020.0,40.0,0,1,0,8.0,490.5,-278.0,223f,RP
GNR_AFF_2018,3617W0CY6,LM,"BERKADIA COMMERCIAL MORTGAGE, LLC",3617W0CY6_000000011535793,000000011535793,202603,3.33,22478133.48,463,197,20180216,20600301,20230101,20320101,10,1,221(d)(4),AFF,M,,1,TX,San Antonio,BROOKWOOD SENIOR APTS,97.0,2018.0,-69.0,0,1,0,7.0,490.5,-257.5,221d4,NC
GNR_AFF_2018,36196PJF0,PN,"LUMENT REAL ESTATE CAPITAL,LLC",36196PJF0_000000002311426,000000002311426,202603,3.58,29700996.16,420,150,20170130,20520201,,20270301,10,0,207/223(F),BAF,,,,MA,Waltham,FRANCIS CABOT LOWELL MILL I,110.0,2017.0,11.0,0,1,0,1.0,490.5,-157.5,223f,RP
GNR_AFF_2018,3617GYZK5,PN,"AGM FINANCIAL SERVICES, INC.",3617GYZK5_000000005411171,000000005411171,202603,4.38,2282550.06,360,70,20181130,20481201,,20240101,5,0,223(F),BAF,,P,,SC,Simpsonville,GATEWAY VILLAGE,88.0,2018.0,36.0,0,0,1,0.0,490.5,-65.0,223f,RP
GNR_AFF_2018,3617QRF39,PN,"LUMENT REAL ESTATE CAPITAL,LLC",3617QRF39_000000001211501,000000001211501,202603,2.18,52028879.73,420,183,20201216,20560101,,20310201,10,0,207/223(F),BAF,,,,NY,New York,DUNWELL PLAZA,63.0,2020.0,-67.0,0,1,0,5.0,490.5,-347.5,223f,RP
GNR_AFF_2018,3617G3MP6,PN,"PNC BANK, NA",3617G3MP6_000000011335769,000000011335769,202603,4.6,27390985.5,507,426,20181108,20610301,20210401,20310401,10,2,221(d)(4),BAF,,,,TX,El Paso,CRAMER THREE APARTMENTS,88.0,2018.0,58.0,0,1,0,6.0,490.5,-118.0,221d4,NC
GNR_AFF_2018,3617HVY54,PN,MERCHANTS CAPITAL CORP.,3617HVY54_000000007311942,000000007311942,202603,4.15,1121124.42,420,64,20190201,20540301,,20290331,10,0,207/223(f),BAF,,,,IN,Logansport,CHASE CROSSING,85.0,2019.0,48.0,0,1,0,3.0,490.5,-125.5,223f,RP
GNR_AFF_2018,3617UYYY0,PN,"WELLS FARGO BANK, N.A.",3617UYYY0_000000012611202,000000012611202,202603,2.15,2851561.81,420,37,20210401,20560501,,20310601,10,0,207/223(F),BAF,,,,OR,Gresham,MATTIE YOUNKIN MANOR,59.0,2021.0,-43.0,0,1,0,6.0,490.5,-363.0,223f,RP
GNR_AFF_2018,3617BYH46,PN,"LUMENT REAL ESTATE CAPITAL,LLC",3617BYH46_000000007111428,000000007111428,202603,3.49,3232610.2,420,99,20171207,20530101,,20280201,10,0,207/223(F),BAF,,,,IL,Aurora,ALDEN HORIZON SENIOR LIVING CO,99.0,2017.0,2.0,0,1,0,3.0,490.5,-191.5,223f,RP
GNR_DIVERSE,3617VHTJ5,PN,"PGIM REAL ESTATE AGENCY FINANCING, LLC.",3617VHTJ5_000000005122187,000000005122187,202603,2.82,14592726.63,420,64,20210601,20560701,,20310731,10,0,232/223(F),MKT,,,,VA,Lynchburg,Pearls of Life,57.0,2021.0,24.0,0,1,0,7.0,490.5,-308.5,232,RP
GNR_DIVERSE,3617HVY54,PN,MERCHANTS CAPITAL CORP.,3617HVY54_000000007311942,000000007311942,202603,4.15,1121124.42,420,64,20190201,20540301,,20290331,10,0,207/223(f),BAF,,,,IN,Logansport,CHASE CROSSING,85.0,2019.0,48.0,0,1,0,3.0,490.5,-125.5,223f,RP
GNR_DIVERSE,3617KPSS0,PN,"LUMENT REAL ESTATE CAPITAL,LLC",3617KPSS0_000000002311531,000000002311531,202603,3.22,8388510.99,420,70,20200122,20550201,,20300301,10,0,207/223(F),BAF,,,,MA,Lowell,LOWELL BELVIDERE APARTMENTS,74.0,2020.0,37.0,0,1,0,4.0,490.5,-231.0,223f,RP
GNR_DIVERSE,3617B7MN7,PN,MERCHANTS CAPITAL CORP.,3617B7MN7_000000004211312,000000004211312,202603,3.25,1561168.71,420,76,20171001,20521101,,20271201,10,0,207/223(f),BAF,,,,OH,Toledo,SWAN COVE,101.0,2017.0,-22.0,0,1,0,1.0,490.5,-190.5,223f,RP
GNR_DIVERSE,3617XJYY0,PN,"BERKADIA COMMERCIAL MORTGAGE, LLC",3617XJYY0_000000004311286,000000004311286,202603,2.29,1982269.33,420,44,20210824,20561201,,20320101,10,0,207/223(F),BAF,,P,,OH,South Point,COOPER CROSSING AKA LAWRENCE C,55.0,2021.0,-29.0,0,1,0,7.0,490.5,-361.5,223f,RP
GNR_DIVERSE,3617W0CA8,PN,"BERKADIA COMMERCIAL MORTGAGE, LLC",3617W0CA8_000000005111455,000000005111455,202603,2.33,14579902.93,420,180,20210603,20560901,,20311001,10,0,223(A)(7)/207/223(F),MKT,,,,VA,Spotsylvania,BRITTANY COMMONS APARTMENTS PH,57.0,2021.0,-25.0,0,1,0,7.0,490.5,-357.5,223a7,RP
GNR_DIVERSE,3617V0SL8,PN,NEWPOINT REAL ESTATE CAPITAL LLC,3617V0SL8_000000003222031,000000003222031,202603,3.0,5895200.5,346,49,20210326,20510401,,20310501,10,0,223(A)(7)/232/223(F),MKT,,,,DE,Delmar,Delmar Nursing and Rehabilitat,60.0,2021.0,42.0,0,1,0,6.0,490.5,-278.0,232,RP
GNR_DIVERSE,3617NUKC9,LM,DAVIS-PENN MORTGAGE CO.,3617NUKC9_000000011335703,000000011335703,202603,3.35,15677170.82,480,130,20201201,20590901,20220101,20310101,9,1,221(d)(4),MKT,M,,1,TX,Granbury,BRAZOS CROSSING APTS,63.0,2020.0,50.0,0,1,0,7.0,490.5,-255.5,221d4,NC
GNR_DIVERSE,3617NM5A8,LM,GERSHMAN INVESTMENT CORP.,3617NM5A8_000000009211425,000000009211425,202603,3.1,903491.14,375,24,20200601,20511001,,20300801,10,0,207/223(F) 223(A)(7),BAF,M,,1,MN,Bloomington,CATALPA VILLAGE,69.0,2020.0,25.0,0,1,0,8.0,490.5,-293.0,223a7,RP
GNR_DIVERSE,3617X75K8,PN,"LUMENT REAL ESTATE CAPITAL,LLC",3617X75K8_000000011335916,000000011335916,202603,2.88,42464413.93,505,265,20220218,20640401,,20340501,10,0,221(D)(4),MKT,,,,TX,Grand Prairie,SUTHERLAND II,49.0,2022.0,-87.0,0,1,0,9.0,490.5,-327.5,221d4,NC
GNR_DIVERSE,3617X2WB9,PN,BELLWETHER ENTERPRISE REAL ESTATE CAPITA,3617X2WB9_000000004235729,000000004235729,202603,2.74,3489315.1,473,80,20211215,20630601,,20330630,10,0,221(D)(4),BAF,,,,OH,Cleveland,LONGFELLOW SCHOOL APARTMENTS,51.0,2021.0,16.0,0,1,0,9.0,490.5,-341.5,221d4,NC
GNR_DIVERSE,3617VBYX1,LM,"CAPITAL ONE, N.A.",3617VBYX1_000000003435322,000000003435322,202603,3.44,40596293.68,503,198,20180531,20600501,20231101,20311101,8,2,221(d)(4),MKT,M,,1,PA,Philadelphia,DWELL N. 2ND STREET APTS,94.0,2018.0,-58.0,0,1,0,6.0,490.5,-234.0,221d4,NC
GNR_DIVERSE,3617KHLP1,PN,"WALKER & DUNLOP, LLC",3617KHLP1_000000008635443,000000008635443,202603,3.44,10861746.32,498,130,20190820,20610401,,20310501,10,0,221(D)(4),BAF,,P,,TN,Lewisburg,LEWISBURG SUMMIT APARTMENTS,79.0,2019.0,-23.0,0,1,0,6.0,490.5,-234.0,221d4,NC
GNR_DIVERSE,3617G4NA6,PN,BELLWETHER ENTERPRISE REAL ESTATE CAPITA,3617G4NA6_000000006411189,000000006411189,202603,3.38,3542290.56,420,77,20171221,20530101,,20280131,10,0,207/223(F),BAF,,,,LA,New Orleans,VILLA ST. MAURICE APTS,99.0,2017.0,-9.0,0,1,0,3.0,490.5,-202.5,223f,RP
GNR_DIVERSE,3617ULT73,PN,GERSHMAN INVESTMENT CORP.,3617ULT73_000000000011301,000000000011301,202603,2.3,3696462.88,420,27,20210408,20560501,,20310601,10,0,207/223(F),BAF,,,,DC,Washington,ONTARIO COURT,59.0,2021.0,-28.0,0,1,0,10.0,490.5,-398.0,223f,RP
GNR_DIVERSE,3617AH5A3,PN,MERCHANTS CAPITAL CORP.,3617AH5A3_000000007511265,000000007511265,202603,3.23,4237770.27,420,90,20170701,20520801,,20270901,10,0,207/223(f),MKT,,,,WI,Pewaukee,THE SILVERNAIL,104.0,2017.0,-24.0,0,1,0,2.0,490.5,-205.0,223f,RP
GNR_DIVERSE,3617HGVQ4,LM,"PNC BANK, NA",3617HGVQ4_000000012235718,000000012235718,202603,3.75,12918212.25,492,156,20191223,20550101,,20280201,10,0,221(D)(4),MKT,M,,1,CA,Whittier,WHITTIER SENIOR HOUSING,75.0,2019.0,8.0,0,1,0,2.0,490.5,-153.0,221d4,NC
GNR_DIVERSE,3617FTUK2,PN,BELLWETHER ENTERPRISE REAL ESTATE CAPITA,3617FTUK2_000000004711318,000000004711318,202603,5.95,17449124.34,420,87,20221216,20580101,,20330131,10,0,207/223(F),MKT,,P,,MI,Grand Rapids,MICHIGAN MEADOWS,39.0,2022.0,220.0,0,1,0,8.0,490.5,-8.0,223f,RP
GNR_DIVERSE,3617UYWJ5,PN,"PGIM REAL ESTATE AGENCY FINANCING, LLC.",3617UYWJ5_000000007211193,000000007211193,202603,2.21,3028813.67,420,58,20210501,20560601,,20310630,10,0,207/223(F)/223(A)(7),MKT,,,,IL,Normal,PARKWAY COURT APARTMENTS,58.0,2021.0,-37.0,0,1,0,7.0,490.5,-369.5,223a7,RP
GNR_DIVERSE,3617WRQS5,PN,MASSACHUSETTS HOUSING FINANCE AGENCY,3617WRQS5_000000002311703,000000002311703,202603,3.62,7554246.94,420,65,20220601,20570701,,20320801,10,0,207/223(F),BAF,,,,MA,Lynn,CHESTNUT GARDENS APRTMENTS,45.0,2022.0,-13.0,0,1,0,7.0,490.5,-228.5,223f,RP
GNR_DIVERSE,3617XJDK3,PN,DWIGHT CAPITAL LLC,3617XJDK3_000000006711376,000000006711376,202603,2.98,35278276.8,420,264,20211101,20561201,,20320101,10,0,223(A)(7)/207/223(F),MKT,,,,FL,Orlando,PAVILION AT LAKE EVE,52.0,2021.0,40.0,0,1,0,7.0,490.5,-292.5,223a7,RP
GNR_DIVERSE,3617QANL7,PN,"WALKER & DUNLOP, LLC",3617QANL7_000000008711130,000000008711130,202603,2.29,26289302.79,420,248,20200929,20551001,,20301101,10,0,207/223(F),MKT,,,,TN,Johnson City,THE RESERVE AT JOHNSON CITY,66.0,2020.0,-56.0,0,1,0,5.0,490.5,-336.5,223f,RP
GNR_DIVERSE,3617Q8MD1,PN,KEYBANK NATIONAL ASSOCIATION,3617Q8MD1_000000004411475,000000004411475,202603,2.5,23259112.42,420,185,20200801,20550901,,20300930,10,0,207/223(F),MKT,,,,MI,Washington Towns,THE APARTMENTS AT KIRKWAY,67.0,2020.0,-35.0,0,1,0,5.0,490.5,-315.5,223f,RP
GNR_DIVERSE,3617HKY33,PN,"CAPITAL FUNDING,LLC.",3617HKY33_000000006722245,000000006722245,202603,4.1,9941750.27,420,183,20190226,20540301,,20290401,10,0,232/223(F),MKT,,,,FL,New Port Richey,LIFE CARE CENTER OF NEW PORT R,85.0,2019.0,43.0,0,1,0,4.0,490.5,-143.0,232,RP
GNR_DIVERSE,3617FXAS8,PN,GREYSTONE FUNDING COMPANY LLC,3617FXAS8_000000004211358,000000004211358,202603,3.89,4022554.14,420,68,20220901,20571001,,20321101,10,0,207/223(F),BAF,,,,OH,Tiffin,WILLOW CREEK APARTMENTS,42.0,2022.0,14.0,0,1,0,7.0,490.5,-201.5,223f,RP
GNR_DIVERSE,3617XKT98,PN,"PGIM REAL ESTATE AGENCY FINANCING, LLC.",3617XKT98_000000005315030,000000005315030,202603,4.0,406986.81,216,60,20220201,20400301,,20320331,10,0,232/223(D),MKT,,,,NC,Mocksville,SOMERSET COURT OF MOCKSVILLE,49.0,2022.0,25.0,0,1,0,7.0,490.5,-190.5,232,NC
GNR_DIVERSE,36195VCH1,PN,"ROSE COMMUNITY CAPITAL, LLC",36195VCH1_000000004211296,000000004211296,202603,3.27,4956299.17,420,152,20170201,20520301,,20270401,10,0,207/223(F),BAF,,,,OH,Cleveland,ABINGTON ARMS APARTMENT,109.0,2017.0,-20.0,0,1,0,2.0,490.5,-201.0,223f,RP
GNR_DIVERSE,3617N3YJ9,PN,GREYSTONE FUNDING COMPANY LLC,3617N3YJ9_000000004222307,000000004222307,202603,2.79,6216370.15,420,198,20200401,20550501,,20300601,10,0,232/223(F),MKT,,,,OH,Boardman,GREENBRIAN CENTER,71.0,2020.0,-6.0,0,1,0,5.0,490.5,-286.5,232,RP
GNR_DIVERSE,3617USAE3,PN,BELLWETHER ENTERPRISE REAL ESTATE CAPITA,3617USAE3_000000006235791,000000006235791,202603,3.0,11078545.85,462,212,20201222,20630201,,20330228,10,0,221(D)(4),BAF,,,,AL,Dothan,CAPSTONE AT KINSEY COVE,63.0,2020.0,15.0,0,1,0,8.0,490.5,-303.0,221d4,NC
GNR_DIVERSE,3617U4HG4,LM,"CENTURY HEALTH & HOUSING CAPITAL, LLC",3617U4HG4_000000001411258,000000001411258,202603,3.1,1872596.62,376,40,20201031,20520301,,20301201,10,0,207/223(F),BAF,M,,1,NY,Blasdell,OUR MOTHER OF GOOD COUNSEL APA,65.0,2020.0,25.0,0,1,0,5.0,490.5,-255.5,223f,RP
GNR_DIVERSE,3617YAAX6,PN,"LUMENT REAL ESTATE CAPITAL,LLC",3617YAAX6_000000004822050,000000004822050,202603,3.45,4780528.51,420,27,20220501,20570601,,20320701,10,0,232/223(F),MKT,,,,MI,Lincoln,LINCOLN HAVEN NURSING & REHAB,46.0,2022.0,-30.0,0,1,0,7.0,490.5,-245.5,232,RP
GNR_DIVERSE,3617UAXH0,PN,"LUMENT REAL ESTATE CAPITAL,LLC",3617UAXH0_000000004422112,000000004422112,202603,2.45,3460794.3,240,92,20201229,20410101,,20310201,10,0,232/223(F),MKT,,,,MI,Detroit,HAMILTON NURSING HOME,63.0,2020.0,-40.0,0,1,0,5.0,490.5,-320.5,232,RP
GNR_DIVERSE,3617NEBR2,PN,"BERKADIA COMMERCIAL MORTGAGE, LLC",3617NEBR2_000000012611244,000000012611244,202603,4.75,9799622.99,420,44,20220519,20571001,,20321101,10,0,207/223(F),MKT,,,,OR,Gresham,459 ROCK APARTMENTS,46.0,2022.0,100.0,0,1,0,8.0,490.5,-128.0,223f,RP
GNR_DIVERSE,3617XSCC2,PN,"PGIM REAL ESTATE AGENCY FINANCING, LLC.",3617XSCC2_000000003111149,000000003111149,202603,4.65,25886497.58,420,354,20221110,20571201,,20321231,10,0,207/223(F),BAF,,,,NJ,Newark,NEWARK HOUSING AUTHORITY - STE,40.0,2022.0,90.0,0,1,0,8.0,490.5,-138.0,223f,RP
GNR_DIVERSE,3617X2L96,LM,GREYSTONE FUNDING COMPANY LLC,3617X2L96_000000005336299,000000005336299,202603,3.44,14620590.68,474,113,20190701,20610501,,20311201,10,0,221(D)(4),MKT,M,,1,NC,Asheville,WHITE OAK GROVE APARTMENTS,80.0,2019.0,-23.0,0,1,0,6.0,490.5,-234.0,221d4,NC
GNR_DIVERSE,3617Q5YE2,PN,"LUMENT REAL ESTATE CAPITAL,LLC",3617Q5YE2_000000005311476,000000005311476,202603,2.35,2929786.18,420,60,20201021,20551101,,20301201,10,0,207/223(F),BAF,,,,NC,Charlotte,MIDLAND COMMONS,65.0,2020.0,-50.0,0,1,0,5.0,490.5,-330.5,223f,RP
GNR_DIVERSE,3617QRF47,LM,"LUMENT REAL ESTATE CAPITAL,LLC",3617QRF47_000000006135887,000000006135887,202603,3.85,1319548.92,496,50,20180823,20600101,20211201,20301201,9,1,221(d)(4),AFF,M,,1,GA,Cartersville,HAVENWOOD CARTERSVILLE,91.0,2018.0,-17.0,0,1,0,6.0,490.5,-193.0,221d4,NC
GNR_DIVERSE,3617FQGH1,PN,DWIGHT CAPITAL LLC,3617FQGH1_000000006611288,000000006611288,202603,5.97,10985959.89,420,54,20221201,20580101,,20330201,10,0,207/223(F),MKT,,,,FL,Coral Springs,THE TIDES THE BREEZES,39.0,2022.0,222.0,0,1,0,8.0,490.5,-6.0,223f,RP
GNR_DIVERSE,3617J9YC6,PN,"AGM FINANCIAL SERVICES, INC.",3617J9YC6_000000011411474,000000011411474,202603,4.25,4167554.45,420,88,20190306,20540401,,20290501,10,0,207 PURSUANT 223(F),AFF,,,,TX,Houston,Cypresswood Estates,84.0,2019.0,58.0,0,1,0,4.0,490.5,-128.0,223f,RP
GNR_DIVERSE,3617VBYY9,PN,"CAPITAL ONE, N.A.",3617VBYY9_000000005111497,000000005111497,202603,2.31,39470846.11,420,328,20211001,20561101,,20311201,10,0,223(A)(7)/207/223(F),MKT,,,,VA,Suffolk,HARBOR BREEZE APARTMENTS,53.0,2021.0,-27.0,0,1,0,6.0,490.5,-347.0,223a7,RP
GNR_DIVERSE,3617WT6H7,PN,MERCHANTS CAPITAL SERVICING LLC,3617WT6H7_000000007111503,000000007111503,202603,2.65,10771551.14,420,292,20211201,20570101,,20270131,5,0,207/223(F),BAF,,,,IL,Chicago,CONTINENTAL PLAZA  APARTMENTS,51.0,2021.0,7.0,0,1,0,10.0,490.5,-363.0,223f,RP
GNR_DIVERSE,3617UEU69,PN,"CENTENNIAL MORTGAGE, INC",3617UEU69_000000011411519,000000011411519,202603,2.52,5536811.65,415,175,20210322,20560201,,20310801,10,0,223(A)(7)/207/223(F),MKT,,,,TX,Pasadena,Pasadena Interfaith Manor,60.0,2021.0,-6.0,0,1,0,6.0,490.5,-326.0,223a7,RP
GNR_DIVERSE,3617NDKQ6,PN,"WALKER & DUNLOP, LLC",3617NDKQ6_000000008635450,000000008635450,202603,3.07,29938865.72,480,244,20200527,20600601,,20300701,10,0,221(D)(4)/223(A)(7),MKT,,,,TN,Antioch,VINTAGE BURKITT STATION,70.0,2020.0,22.0,0,1,0,5.0,490.5,-258.5,221d4,RP
GNR_DIVERSE,3617V3U54,PN,GERSHMAN INVESTMENT CORP.,3617V3U54_000000010335189,000000010335189,202603,3.24,36028087.23,504,271,20210628,20630601,,20330701,10,0,221(D)(4),MKT,,,,NE,Lincoln,The 8801,57.0,2021.0,66.0,0,1,0,10.0,490.5,-304.0,221d4,NC
GNR_DIVERSE,3617XSCV0,PN,"PGIM REAL ESTATE AGENCY FINANCING, LLC.",3617XSCV0_000000005311541,000000005311541,202603,2.39,32072017.75,420,204,20220101,20570201,,20320229,10,0,207/223(F),MKT,,,,NC,Raleigh,LINK APARTMENTS GLENWOOD SOUTH,50.0,2022.0,-136.0,0,1,0,7.0,490.5,-351.5,223f,RP
GNR_DIVERSE,36182DG82,LM,"MIDCAP FINANCIAL HOUSING CAPITAL, INC.",36182DG82_000000010322066,000000010322066,202603,3.55,18237083.03,420,240,20180827,20531101,,20310201,10,0,232/223(F),MKT,M,,1,NE,Omaha,THE HERITAGE AT STERLING RIDGE,91.0,2018.0,-47.0,0,1,0,6.0,490.5,-223.0,232,RP
GNR_DIVERSE,36195QCG4,PN,COLLIERS MORTGAGE LLC,36195QCG4_000000009211447,000000009211447,202603,3.41,11495887.22,420,168,20170317,20520401,,20270501,10,0,207/223F,BAF,,,,MN,Eden Prairie,PRAIRIE MEADOWS TOWNHOMES,108.0,2017.0,-6.0,0,1,0,0.0,490.5,-162.0,223f,RP
GNR_DIVERSE,3617NNFU1,LM,"LUMENT REAL ESTATE CAPITAL,LLC",3617NNFU1_000000007510010,000000007510010,202603,3.7,5693240.67,363,88,20170427,20470801,,20300801,10,0,241(A)/223(A)(7),MKT,M,,1,WI,East Troy,Honey Creek Apartments Phase I,107.0,2017.0,23.0,0,1,0,5.0,490.5,-195.5,223a7,RP
GNR_DIVERSE,3617AJ5X9,PN,"WELLS FARGO BANK, N.A.",3617AJ5X9_000000000035535,000000000035535,202603,3.89,12687852.09,499,122,20170501,20590101,,20290201,10,0,221(D)(4),BAF,,,,MD,Suitland,BELNOR SENIOR RESIDENCES,106.0,2017.0,42.0,0,1,0,3.0,490.5,-151.5,221d4,NC
GNR_DIVERSE,3617XHQ80,LM,GERSHMAN INVESTMENT CORP.,3617XHQ80_000000004435665,000000004435665,202603,3.05,4700605.4,417,129,20211001,20560801,,20311201,10,0,221(D)(4),MKT,M,,1,MI,Detroit,STRATHMORE APARTMENTS,53.0,2021.0,47.0,0,1,0,10.0,490.5,-323.0,221d4,NC
GNR_DIVERSE,3618A7L56,PN,"WALKER & DUNLOP, LLC",3618A7L56_000000005211337,000000005211337,202603,5.79,67302521.99,420,554,20221129,20571201,,20330101,10,0,207/223(F),MKT,,,,MD,Baltimore,Padonia Village Apartments,40.0,2022.0,204.0,0,1,0,7.0,490.5,-11.5,223f,RP
GNR_DIVERSE,3617Q5VF2,LM,"PNC BANK, NA",3617Q5VF2_000000002311159,000000002311159,202603,3.06,1658425.03,421,24,20210528,20430501,,20310701,10,0,207/223(F),MKT,M,,1,MA,Worcester,JAMES J MILLET TEAMSTER VILLAG,58.0,2021.0,48.0,0,1,0,6.0,490.5,-272.0,223f,RP
GNR_DIVERSE,36194HPN6,PN,"BERKELEY POINT CAPITAL, LLC DBA NEWMARK",36194HPN6_000000012711280,000000012711280,202603,2.72,4867943.66,420,29,20200501,20550601,,20300701,10,0,207/223(F),MKT,,,,WA,Vancouver,COVINGTON TOWNHOMES,70.0,2020.0,-13.0,0,1,0,5.0,490.5,-293.5,223f,RP
GNR_DIVERSE,3617UX2M3,LM,"NORTHMARQ FINANCE, LLC",3617UX2M3_000000008411110,000000008411110,202603,3.3,13796946.42,420,272,20211129,20490101,20230101,20320101,9,1,207/223(f),MKT,M,,1,MO,Kansas City,MANOR HOMES OF FOX CREST,52.0,2021.0,72.0,0,1,0,6.0,490.5,-248.0,223f,RP
GNR_DIVERSE,3617NECJ9,PN,"BERKADIA COMMERCIAL MORTGAGE, LLC",3617NECJ9_000000012722151,000000012722151,202603,2.6,8809514.86,420,92,20200610,20550801,,20300901,10,0,223(A)(7)/232/223(F),MKT,,,,WA,Monroe,REGENCY CARE CENTER AT MONROE,69.0,2020.0,-25.0,0,1,0,6.0,490.5,-318.0,232,RP
GNR_DIVERSE,3617NULT1,LM,DWIGHT CAPITAL LLC,3617NULT1_000000008511201,000000008511201,202603,3.4,7594920.82,420,143,20170701,20520801,,20301101,10,0,207/223(F),MKT,M,,1,MO,Columbia,PROVIDENCE HILL APARTMENTS,104.0,2017.0,-7.0,0,1,0,5.0,490.5,-225.5,223f,RP
GNR_DIVERSE,3617W8PU3,LM,"LUMENT REAL ESTATE CAPITAL,LLC",3617W8PU3_000000001722136,000000001722136,202603,3.1,10435239.64,360,222,20181016,20481101,,20311001,10,0,232/223(F),MKT,M,,1,CT,New Milford,CANDLEWOOD VALLEY HEALTH REHAB,89.0,2018.0,-92.0,0,1,0,6.0,490.5,-268.0,232,RP
GNR_DIVERSE,3617NBXZ6,PN,GREYSTONE FUNDING COMPANY LLC,3617NBXZ6_000000011311384,000000011311384,202603,2.97,32630466.96,420,290,20200401,20550501,,20300601,10,0,207/223(F),MKT,,,,TX,El Paso,THE VENUE AT MONTECILLO,71.0,2020.0,12.0,0,1,0,5.0,490.5,-268.5,223f,RP
GNR_DIVERSE,3617ACML1,PN,GREYSTONE FUNDING COMPANY LLC,3617ACML1_000000011435761,000000011435761,202603,4.13,17140484.88,480,198,20170301,20570401,,20270501,10,0,221D4/223A7,MKT,,,,TX,Richmond,GRAND FOUNTAIN APTS,108.0,2017.0,66.0,0,1,0,2.0,490.5,-115.0,221d4,RP
GNR_DIVERSE,3617U4HS8,LM,"CENTURY HEALTH & HOUSING CAPITAL, LLC",3617U4HS8_000000001411279,000000001411279,202603,3.32,4854996.8,403,100,20210331,20541101,20220501,20310501,9,1,207/223(f),BAF,M,,1,NY,Cortland,FRIENDSHIP HOUSE APARTMENTS,60.0,2021.0,74.0,0,1,0,7.0,490.5,-258.5,223f,RP
GNR_USDA_538,3617NW2X9,PN,GREYSTONE SERVICING COMPANY LLC,3617NW2X9_020090958894014,020090958894014,202603,3.8,451560.86,476,0,20210304,20610401,,20310901,10,0,538,,,,,KY,Bardstown,,60.0,2021.0,122.0,0,1,0,6.0,490.5,-198.0,538,538
GNR_USDA_538,36183PDQ7,PN,CHURCHILL MORTGAGE INVESTMENT LLC,36183PDQ7_046028387592254,046028387592254,202603,4.25,1054521.76,371,0,20141201,20460201,,20260301,10,0,538,,,,,SC,Camden,,135.0,2014.0,40.0,0,0,1,0.0,490.5,-78.0,538,538
GNR_USDA_538,36294YU77,PN,"LUMENT REAL ESTATE CAPITAL,LLC",36294YU77_003003200285793,003003200285793,202603,7.48,1011219.09,300,0,20070907,20321001,20081001,20171001,9,1,538,,,,,AR,Gassville,,222.0,2007.0,280.0,0,0,1,0.0,490.5,245.0,538,538
GNR_USDA_538,36197AV35,PN,MERCHANTS CAPITAL CORP.,36197AV35_038085093226541,038085093226541,202603,3.95,1798867.52,456,0,20170314,20570301,,20290401,10,0,538,,,,,NC,King,,108.0,2017.0,48.0,0,1,0,4.0,490.5,-158.0,538,538
GNR_USDA_538,3618FJBS6,PN,BELLWETHER ENTERPRISE REAL ESTATE CAPITA,3618FJBS6_410760758016253,410760758016253,202603,4.37,1063376.66,480,0,20231006,20631001,,20331031,10,0,538,,,,,OH,East Canton,,29.0,2023.0,-121.5,0,1,0,9.0,490.5,-178.5,538,538
GNR_USDA_538,36294XZV1,PN,"PNC BANK, NA",36294XZV1_033010870702542,033010870702542,202603,7.02,1604336.5,460,0,20060221,20460301,20210301,20310228,10,15,538,,,,,NV,Fernley,,241.0,2006.0,190.0,0,1,0,4.92,490.5,137.54,538,538
GNR_USDA_538,3618JXY56,PN,"BONNEVILLE MORTGAGE COMPANY, LLC",3618JXY56_012020988042561,012020988042561,202603,7.35,4089910.9,479,0,20250730,20650701,,20350901,10,0,538,,,,,ID,Mountain Home,,8.0,2025.0,153.0,0,1,0,10.0,490.5,107.0,538,538
GNR_USDA_538,3617HBSX4,PN,"BONNEVILLE MORTGAGE COMPANY, LLC",3617HBSX4_005002375455227,005002375455227,202603,5.45,1359092.6,479,0,20180821,20580801,,20291201,10,0,538,,,,,CO,Alamosa,,91.0,2018.0,143.0,0,1,0,4.0,490.5,-8.0,538,538
GNR_USDA_538,3617XUQQ1,PN,CHURCHILL MORTGAGE INVESTMENT LLC,3617XUQQ1_009018739364235,009018739364235,202603,5.23,42023347.74,459,0,20220603,20620601,,20290701,5,0,538,,,,,FL,Flagler Beach,,45.0,2022.0,148.0,0,1,0,4.0,490.5,-30.0,538,538
GNR_USDA_538,3617BMMZ7,PN,CHURCHILL MORTGAGE INVESTMENT LLC,3617BMMZ7_010020666258488,010020666258488,202603,4.5,556896.32,477,0,20171219,20571201,,20291231,10,0,538,,,,,GA,Kingsland,,99.0,2017.0,103.0,0,1,0,4.0,490.5,-103.0,538,538
GNR_USDA_538,3618F62N5,PN,"BONNEVILLE MORTGAGE COMPANY, LLC",3618F62N5_048074913698672,048074913698672,202603,6.28,2707471.89,479,0,20240918,20640901,,20360201,10,0,538,,,,,TN,Dickson,,18.0,2024.0,50.0,0,1,0,10.0,490.5,0.0,538,538
GNR_USDA_538,36196BBQ5,PN,"BONNEVILLE MORTGAGE COMPANY, LLC",36196BBQ5_048092748472505,048092748472505,202603,4.2,826263.29,477,0,20170327,20570301,,20270701,10,0,538,,,,,TN,Martin,,108.0,2017.0,73.0,0,1,0,2.0,490.5,-108.0,538,538
GNR_USDA_538,3617HEGZ6,PN,BELLWETHER ENTERPRISE REAL ESTATE CAPITA,3617HEGZ6_260760137663177,260760137663177,202603,4.7,703569.59,481,0,20181002,20581101,,20281130,10,0,538,,,,,MI,Owosso,,89.0,2018.0,68.0,0,1,0,4.0,490.5,-83.0,538,538
GNR_USDA_538,3617VLRZ2,PN,"BONNEVILLE MORTGAGE COMPANY, LLC",3617VLRZ2_038045513940298,038045513940298,202603,4.78,239357.77,441,0,20210709,20580501,,20310901,10,0,538,,,,,NC,Hendersonville,,56.0,2021.0,220.0,0,1,0,6.0,490.5,-100.0,538,538
GNR_USDA_538,3617B9FP6,PN,GREYSTONE SERVICING COMPANY LLC,3617B9FP6_046046048226800,046046048226800,202603,3.95,1022055.62,480,0,20170701,20590101,,20290201,10,0,538,,,,,SC,Clover,,104.0,2017.0,48.0,0,1,0,3.0,490.5,-145.5,538,538
GNR_USDA_538,3617VLR82,LS,"BONNEVILLE MORTGAGE COMPANY, LLC",3617VLR82_004029846414177,004029846414177,202603,3.15,3518744.18,479,0,20210902,20610901,,20311101,10,0,538/515,,,,,CA,Grass Valley,,54.0,2021.0,57.0,0,1,0,6.0,490.5,-263.0,538,538
GNR_USDA_538,3617YCZT4,PN,"BONNEVILLE MORTGAGE COMPANY, LLC",3617YCZT4_004033335256745,004033335256745,202603,4.58,5309646.81,480,0,20220602,20620601,,20340601,10,0,538,,,,,CA,San Jacinto,,45.0,2022.0,83.0,0,1,0,9.0,490.5,-157.5,538,538
GNR_USDA_538,3620A0BG4,PN,"BONNEVILLE MORTGAGE COMPANY, LLC",3620A0BG4_002008256498595,002008256498595,202603,7.48,1573427.6,456,0,20070911,20470901,20240901,20340831,10,17,538,,,,,AZ,Bullhead City,,222.0,2007.0,280.0,0,1,0,0.0,490.5,245.0,538,538
GNR_USDA_538,36193CCU6,LM,"BONNEVILLE MORTGAGE COMPANY, LLC",36193CCU6_004058167967131,004058167967131,202603,5.1,614060.68,479,0,20101026,20501001,,20260331,10,0,538,,,,,CA,Olivehurst,,185.0,2010.0,105.0,0,0,1,0.0,490.5,7.0,538,538
GNR_USDA_538,36181P6E4,LS,"BONNEVILLE MORTGAGE COMPANY, LLC",36181P6E4_040045274554590,040045274554590,202603,3.99,3217598.11,478,0,20141208,20541201,,20250101,10,0,538/515,,,,,ND,Dickinson,,135.0,2014.0,14.0,0,0,1,0.0,490.5,-104.0,538,538
GNR_USDA_538,3617HBT54,PN,"BONNEVILLE MORTGAGE COMPANY, LLC",3617HBT54_038054181917139,038054181917139,202603,4.58,804294.95,479,0,20190410,20590401,,20290601,10,0,538,,,,,NC,Kinston,,83.0,2019.0,91.0,0,1,0,4.0,490.5,-95.0,538,538
GNR_USDA_538,36193EB25,PN,MERCHANTS CAPITAL CORP.,36193EB25_038033144156466,038033144156466,202603,3.4,1109373.7,480,0,20160818,20580801,,20280901,10,0,538,,,,,NC,Tarboro,,115.0,2016.0,-5.0,0,1,0,3.0,490.5,-200.5,538,538
GNR_USDA_538,3617KGE97,PN,"BONNEVILLE MORTGAGE COMPANY, LLC",3617KGE97_480620594914180,480620594914180,202603,4.56,1784825.54,479,0,20191009,20591001,,20291201,10,0,538,,,,,TN,Madisonville,,77.0,2019.0,89.0,0,1,0,4.0,490.5,-97.0,538,538
GNR_USDA_538,3620AURZ9,PN,"BONNEVILLE MORTGAGE COMPANY, LLC",3620AURZ9_022042199697689,022042199697689,202603,4.9,888145.82,479,0,20110920,20510901,20131001,20211001,8,2,538,,,,,LA,Rayville,,174.0,2011.0,97.0,0,0,1,0.0,490.5,-13.0,538,538
GNR_USDA_538,3617HBS30,PN,"BONNEVILLE MORTGAGE COMPANY, LLC",3617HBS30_005055375455227,005055375455227,202603,5.45,567235.67,479,0,20180821,20580801,,20291201,10,0,538,,,,,CO,Center,,91.0,2018.0,143.0,0,1,0,4.0,490.5,-8.0,538,538
GNR_USDA_538,36193VJ29,PN,CHURCHILL MORTGAGE INVESTMENT LLC,36193VJ29_038019239900493,038019239900493,202603,3.91,1745302.79,477,0,20161122,20561201,,20270101,10,0,538,,,,,NC,Pittsboro,,112.0,2016.0,46.0,0,1,0,1.0,490.5,-124.5,538,538
GNR_USDA_538,3617LUBH0,PN,CHURCHILL MORTGAGE INVESTMENT LLC,3617LUBH0_009028807499557,009028807499557,202603,3.8,3862097.13,481,0,20210413,20610401,,20330501,10,0,538,,,,,FL,Sebring,,59.0,2021.0,122.0,0,1,0,8.0,490.5,-223.0,538,538
GNR_USDA_538,3617LUBY3,LM,CHURCHILL MORTGAGE INVESTMENT LLC,3617LUBY3_022007632210208,022007632210208,202603,3.68,804988.14,481,0,20210726,20590401,20220901,20310901,9,1,538,,M,,1,LA,Arcadia,,56.0,2021.0,110.0,0,1,0,7.0,490.5,-222.5,538,538
GNR_USDA_538,36195EVR6,LS,CHURCHILL MORTGAGE INVESTMENT LLC,36195EVR6_009035346857129,009035346857129,202603,3.7,438506.33,487,0,20160901,20561001,,20261101,10,0,538,,,,,FL,Umatilla,,114.0,2016.0,25.0,0,1,0,1.0,490.5,-145.5,538,538
GNR_USDA_538,36195CDX7,LS,"BONNEVILLE MORTGAGE COMPANY, LLC",36195CDX7_004052074228826,004052074228826,202603,3.7,779392.14,479,0,20160901,20560801,,20261001,10,0,538/515,,,,,CA,Los Molinos,,114.0,2016.0,25.0,0,1,0,1.0,490.5,-145.5,538,538
